project,api_level,source,yml_count
ez-recipes-android,29,detected,2
ez-recipes-android,33,detected,2
ez-recipes-android,31,detected,2
android,27,detected,64
android,30,detected,64
android,33,detected,64
android,31,detected,64
15puzzle,29,detected,3
rlad,29,detected,1
compose-challenges,29,detected,1
compose-challenges,23,detected,1
compose-challenges,26,detected,1
secure-storage-android,22,detected,3
secure-storage-android,23,detected,3
secure-storage-android,25,detected,3
secure-storage-android,29,detected,3
secure-storage-android,21,detected,3
expensemanager,29,detected,1
fastshopping,28,detected,6
rickandmorty,29,detected,6
coffeedrinkswithjetpackcompose,31,detected,2
and-bible,31,detected,7
trekarta,29,detected,3
trekarta,23,detected,3
anki-android,30,detected,12
antennapod,30,detected,2
easyrecipe,28,detected,3
notes,29,detected,5
weather-forecast-id,29,detected,3
aegis,31,detected,3
mobile,31,detected,9
icsx5,31,detected,4
learn-braille,29,detected,1
sdp-project,24,detected,1
bookworm,29,detected,2
bark,29,detected,1
bark,23,detected,1
bark,26,detected,1
curriculumvitae,29,detected,3
curriculumvitae,26,detected,3
curriculumvitae,30,detected,3
curriculumvitae,28,detected,3
curriculumvitae,31,detected,3
connectbot,28,detected,4
atom-tasks,29,detected,2
metadataremover,25,detected,2
marvel,29,detected,1
marvel,23,detected,1
marvel,26,detected,1
droid-feed,29,detected,2
droid-feed,21,detected,2
any,31,detected,4
conference-app-2021,29,detected,9
conference-app-2021,23,detected,9
conference-app-2021,26,detected,9
conference-app-2021,21,detected,9
jetpuppy,29,detected,1
jetpuppy,23,detected,1
jetpuppy,26,detected,1
euphony-hub-collector,28,detected,1
eventfahrplan,21,detected,2
atox,31,detected,2
shachi,31,detected,2
todo-compose,29,detected,3
omni-notes,30,detected,2
marvel-app,21,detected,3
mobile-app,32,detected,3
transportr,29,detected,1
transportr,21,detected,1
transportr,31,detected,1
onehotminute-compose,29,detected,1
onehotminute-compose,23,detected,1
onehotminute-compose,26,detected,1
zoo-compose,29,detected,1
zoo-compose,23,detected,1
zoo-compose,26,detected,1
android-dev-challenge-compose-countdown-timer,29,detected,1
android-dev-challenge-compose-countdown-timer,23,detected,1
android-dev-challenge-compose-countdown-timer,26,detected,1
kotlinandroidbase,28,detected,1
moonshot,29,detected,1
hash-checker,27,detected,2
android-kdrive,31,detected,2
android-kmail,31,detected,5
newsapp-retrofit,29,detected,2
newsapp-retrofit,23,detected,2
newsapp-retrofit,21,detected,2
kiwix-android,21,detected,5
kiwix-android,33,detected,5
kiwix-android,30,detected,5
android-starter-2022,24,detected,1
cat-adoption-app,29,detected,1
cat-adoption-app,23,detected,1
cat-adoption-app,26,detected,1
my-soothe,29,detected,1
my-soothe,23,detected,1
my-soothe,26,detected,1
we-trade,29,detected,1
we-trade,23,detected,1
we-trade,26,detected,1
compose-kotlin-repositories,29,detected,1
smilodon,29,detected,1
cht-android,29,detected,2
greenpass-android,31,detected,4
virtual_traveller_flutter,29,detected,3
virtual_traveller_flutter,23,detected,3
bluelineconsole,22,detected,3
bluelineconsole,29,detected,3
onebusaway-android,24,detected,1
onebusaway-android,29,detected,1
probe-android,29,detected,4
open-keychain,28,detected,3
opendocument,29,detected,1
opendocument,19,detected,1
opendocument,21,detected,1
myweatherforecast,29,detected,1
puppy-adoption-app,29,detected,1
puppy-adoption-app,23,detected,1
puppy-adoption-app,26,detected,1
weather-app-compose,29,detected,1
weather-app-compose,23,detected,1
weather-app-compose,26,detected,1
peercoin_flutter,29,detected,2
peercoin_flutter,30,detected,2
peercoin_flutter,31,detected,2
persian-calendar,29,detected,5
astro,29,detected,3
astro,21,detected,3
astro,30,detected,3
hilt-sandbox,29,detected,1
hilt-sandbox,26,detected,1
hilt-sandbox,30,detected,1
hilt-sandbox,21,detected,1
hilt-sandbox,23,detected,1
hilt-sandbox,31,detected,1
datepickertimeline,28,detected,1
android-navigation-with-compose,29,detected,1
android-navigation-with-compose,23,detected,1
android-navigation-with-compose,26,detected,1
mmdb,29,detected,4
android-simpletimetracker,28,detected,2
android-simpletimetracker,29,detected,2
android-simpletimetracker,19,detected,2
release-probe,28,detected,2
easer,29,detected,2
adopt-me-compose,29,detected,1
adopt-me-compose,23,detected,1
adopt-me-compose,26,detected,1
crossplatformvsthost,28,detected,1
compose-timer,29,detected,1
compose-timer,23,detected,1
compose-timer,26,detected,1
cofi,30,detected,4
radiodroid,27,detected,4
radiodroid,29,detected,4
radiodroid,16,detected,4
radiodroid,21,detected,4
compose-scrobbler,29,detected,2
android-dev-challenge-compose-week1,29,detected,1
android-dev-challenge-compose-week1,23,detected,1
android-dev-challenge-compose-week1,26,detected,1
ny-times-popular-articles,29,detected,3
stardroid,29,detected,3
notepad,29,detected,4
notepad,31,detected,4
notepad,33,detected,4
notepad,27,detected,4
notepad,23,detected,4
notepad,25,detected,4
otl-app,28,detected,6
dagashiapp,30,detected,2
arduino-usb-terminal,29,detected,2
swisscovid-app-android,29,detected,4
tasks,29,detected,2
amazefilemanager,28,detected,5
amazefilemanager,19,detected,5
amazefilemanager,16,detected,5
newpipe,21,detected,3
newpipe,33,detected,3
projectconf,29,detected,1
projectconf,21,detected,1
jtxboard,31,detected,6
exif-thumbnail-adder,26,detected,1
exif-thumbnail-adder,30,detected,1
exif-thumbnail-adder,32,detected,1
exif-thumbnail-adder,29,detected,1
exif-thumbnail-adder,28,detected,1
exif-thumbnail-adder,33,detected,1
exif-thumbnail-adder,27,detected,1
exif-thumbnail-adder,31,detected,1
cis-android,31,detected,4
magisk,29,detected,1
magisk,34,detected,1
magisk,26,detected,1
magisk,28,detected,1
magisk,23,detected,1
twiderex-android,22,detected,4
twiderex-android,26,detected,4
twiderex-android,30,detected,4
twiderex-android,28,detected,4
twiderex-android,24,detected,4
twire,30,detected,1
obdgraphs,29,detected,1
compose-material-dialogs,28,detected,2
element-android,28,detected,19
ci-matters,29,detected,3
audio-recorder,28,detected,2
audio-recorder,29,detected,2
apps-android-wikipedia,29,detected,4
yacguide,26,detected,2
yacguide,33,detected,2
edtrack,31,detected,1
alarmclock,22,detected,5
hyperrogue,28,detected,3
dialogue,23,detected,1
dialogue,26,detected,1
dialogue,30,detected,1
