repo,styles,start_dt,end_dt,within_changes
4eRTuk__audioview,Emu_Custom,2019-04-18T13:57:38+03:00,2025-08-10T23:59:59+00:00,0
a-mabe__OpenHIIT,Emu_Custom,2025-01-01T10:55:09-05:00,2025-01-03T09:16:09-05:00,0
a-mabe__OpenHIIT,Emu_Community,2025-01-03T09:16:09-05:00,2025-05-14T19:29:41-04:00,0
a-mabe__OpenHIIT,Emu_Custom,2025-05-14T19:29:41-04:00,2025-05-25T21:01:47-04:00,0
a-mabe__OpenHIIT,Emu_Community,2025-05-25T21:01:47-04:00,2025-06-10T20:09:19-04:00,0
a-mabe__OpenHIIT,Emu_Custom,2025-06-10T20:09:19-04:00,2025-06-11T20:09:53-04:00,0
a-mabe__OpenHIIT,Emu_Community,2025-06-11T20:09:53-04:00,2025-08-10T23:59:59+00:00,0
a914-gowtham__compose-ratingbar,Emu_Custom,2021-07-02T22:22:09+05:30,2025-08-10T23:59:59+00:00,0
AAkira__ExpandableLayout,Emu_Custom,2016-02-09T23:50:39+09:00,2025-08-10T23:59:59+00:00,0
abdelaziz-mahdy__pytorch_lite,Emu_Community,2023-07-29T14:49:02+03:00,2025-08-10T23:59:59+00:00,0
ably__ably-flutter,Emu_Community,2020-11-04T22:21:10+05:30,2025-08-10T23:59:59+00:00,0
AChep__AcDisplay,Emu_Custom,2014-07-22T19:23:35+03:00,2025-08-10T23:59:59+00:00,0
ActivityWatch__aw-android,Emu_Custom,2022-11-24T19:40:49+01:00,2025-08-10T23:59:59+00:00,0
AdamMc331__AndroidStudyGuide,Emu_Community,2021-02-17T20:02:44-05:00,2025-08-10T23:59:59+00:00,0
AdevintaSpain__Barista,Emu_Custom,2017-01-10T19:18:59+01:00,2020-06-02T11:03:57+02:00,0
AdevintaSpain__Barista,Emu_Community,2020-06-02T11:03:57+02:00,2025-08-10T23:59:59+00:00,0
admob-plus__admob-plus,Emu_Custom,2018-06-19T01:53:17+08:00,2020-10-18T15:12:17+08:00,0
admob-plus__admob-plus,Emu_Community,2020-10-18T15:12:17+08:00,2025-08-10T23:59:59+00:00,0
adorsys__secure-storage-android,Emu_Custom,2017-09-14T11:48:11+02:00,2020-01-21T23:14:29+01:00,0
adorsys__secure-storage-android,Emu_Community,2020-01-21T23:14:29+01:00,2025-08-10T23:59:59+00:00,0
agoda-com__ninjato,ThirdParty,2019-04-04T11:34:11+07:00,2025-08-10T23:59:59+00:00,0
airbnb__paris,Emu_Custom,2021-09-18T12:34:39-05:00,2022-01-07T18:24:18-08:00,0
airbnb__paris,Emu_Community,2022-01-07T18:24:18-08:00,2025-08-10T23:59:59+00:00,0
ajitsing__ExpenseManager,Emu_Community,2021-02-03T19:22:26+05:30,2025-08-10T23:59:59+00:00,0
Albert221__FastShopping,Emu_Community,2021-01-30T17:00:28+01:00,2025-08-10T23:59:59+00:00,0
alexbakker__webdav-provider,Emu_Community,2021-09-05T16:15:43+02:00,2025-08-10T23:59:59+00:00,0
alexstyl__contactstore,Emu_Community,2022-01-06T17:21:35+02:00,2025-08-10T23:59:59+00:00,0
alphacep__vosk-flutter,Emu_Community,2023-03-03T00:39:50+03:00,2025-08-10T23:59:59+00:00,0
am15h__tflite_flutter_helper,Emu_Community,2020-06-30T00:59:29+05:30,2025-08-10T23:59:59+00:00,0
amahi__android,Emu_Custom,2020-08-13T01:41:32+05:30,2025-08-10T23:59:59+00:00,0
amitshekhariitbhu__Fast-Android-Networking,Emu_Custom,2016-04-30T00:14:38+05:30,2025-08-10T23:59:59+00:00,0
AndBible__and-bible,GMD,2023-05-31T18:52:06+03:00,2023-06-01T11:11:52+03:00,0
AndBible__and-bible,Emu_Community+GMD,2023-06-01T11:11:52+03:00,2025-08-10T23:59:59+00:00,0
AndProx__AndProx,Emu_Custom,2018-09-09T14:29:19+10:00,2025-08-10T23:59:59+00:00,0
andremion__Villains-and-Heroes,Emu_Custom,2016-09-25T13:05:04+01:00,2025-08-10T23:59:59+00:00,0
andreynovikov__trekarta,Emu_Community,2019-11-28T11:46:13+03:00,2025-08-10T23:59:59+00:00,0
andriydruk__swift-weather-app,Emu_Custom,2020-06-06T00:12:01+03:00,2025-08-10T23:59:59+00:00,0
android__codelab-android-compose,Emu_Community,2020-11-12T11:33:58+01:00,2025-08-10T23:59:59+00:00,0
android__nowinandroid,ThirdParty,2022-01-27T13:56:35+01:00,2022-05-12T18:20:23+02:00,0
android__nowinandroid,Emu_Community+ThirdParty,2022-05-12T18:20:23+02:00,2022-11-02T10:21:30+00:00,0
android__nowinandroid,Emu_Community+GMD+ThirdParty,2022-11-02T10:21:30+00:00,2023-10-03T18:53:28+01:00,0
android__nowinandroid,Emu_Community+ThirdParty,2023-10-03T18:53:28+01:00,2025-08-10T23:59:59+00:00,0
anilbeesetti__nextplayer,Emu_Community,2023-02-20T15:22:49+05:30,2025-08-10T23:59:59+00:00,0
anjlab__android-inapp-billing-v3,Emu_Custom,2017-01-23T09:38:30+03:00,2021-11-18T16:54:34+03:00,0
anjlab__android-inapp-billing-v3,Emu_Community,2021-11-18T16:54:34+03:00,2025-08-10T23:59:59+00:00,0
ankidroid__Anki-Android,Emu_Custom,2013-06-20T08:12:51+01:00,2022-04-24T13:15:19-05:00,0
ankidroid__Anki-Android,Emu_Community,2022-04-24T13:15:19-05:00,2025-08-10T23:59:59+00:00,0
AntennaPod__AntennaPod,Emu_Custom,2014-05-18T22:12:08+02:00,2019-12-12T09:47:15+01:00,0
AntennaPod__AntennaPod,Emu_Community,2019-12-12T09:47:15+01:00,2025-08-10T23:59:59+00:00,0
appmattus__layercache,Emu_Custom,2017-10-23T13:09:56+01:00,2020-07-16T16:09:41+01:00,0
appmattus__layercache,Emu_Community,2020-07-16T16:09:41+01:00,2025-08-10T23:59:59+00:00,0
arkivanov__android-dev-challenge-compose-2,Emu_Community,2021-03-07T21:06:38+00:00,2025-08-10T23:59:59+00:00,0
aws__amazon-ivs-react-native-player,Emu_Custom,2021-10-26T15:34:23+02:00,2025-08-10T23:59:59+00:00,0
Bdaya-Dev__oidc,Emu_Community,2023-08-24T21:15:00+03:00,2025-08-10T23:59:59+00:00,0
beemdevelopment__Aegis,Emu_Custom,2020-06-10T16:15:52+02:00,2022-06-06T19:06:42+02:00,0
beemdevelopment__Aegis,Emu_Community,2022-06-06T19:06:42+02:00,2025-08-10T23:59:59+00:00,0
bilibili__boxing,Emu_Custom,2017-02-04T16:04:36+08:00,2025-08-10T23:59:59+00:00,0
bitfireAT__davx5-ose,Emu_Custom,2021-11-07T21:18:08+01:00,2023-04-12T11:39:32+02:00,0
bitfireAT__davx5-ose,Emu_Community,2023-04-12T11:39:32+02:00,2024-03-01T20:15:45+01:00,0
bitfireAT__davx5-ose,GMD,2024-03-01T20:15:45+01:00,2025-08-10T23:59:59+00:00,0
bitfireAT__icsx5,Emu_Custom,2022-02-16T18:20:47+01:00,2023-03-31T13:10:46+02:00,0
bitfireAT__icsx5,Emu_Community,2023-03-31T13:10:46+02:00,2025-08-10T23:59:59+00:00,0
blazsolar__android-collapse-calendar-view,Emu_Custom,2014-07-16T12:03:36+02:00,2025-08-10T23:59:59+00:00,0
BlueWallet__BlueWallet,Emu_Custom,2020-03-17T08:40:11+00:00,2020-06-29T17:57:16+01:00,0
BlueWallet__BlueWallet,Emu_Community,2020-06-29T17:57:16+01:00,2024-03-01T20:16:58-04:00,1
BlueWallet__BlueWallet,Emu_Community+ThirdParty,2024-03-01T20:16:58-04:00,2024-03-03T08:21:41-04:00,0
BlueWallet__BlueWallet,Emu_Community,2024-03-03T08:21:41-04:00,2024-03-03T09:32:49-04:00,0
BlueWallet__BlueWallet,Emu_Community+ThirdParty,2024-03-03T09:32:49-04:00,2024-03-30T05:28:04-04:00,0
BlueWallet__BlueWallet,Emu_Community,2024-03-30T05:28:04-04:00,2025-08-10T23:59:59+00:00,0
brandonp2412__FitBook,Emu_Custom,2024-05-14T18:43:17+12:00,2025-07-23T15:15:18+12:00,0
brandonp2412__FitBook,Emu_Community,2025-07-23T15:15:18+12:00,2025-08-10T23:59:59+00:00,0
brarcher__video-transcoder,Emu_Custom,2018-04-02T13:47:15-04:00,2025-08-10T23:59:59+00:00,0
burnoo__cokoin,Emu_Community,2021-11-01T17:39:54+01:00,2025-08-10T23:59:59+00:00,0
CarlosMChica__easyrecycleradapters,Emu_Custom,2016-02-05T18:54:13+00:00,2025-08-10T23:59:59+00:00,0
cashapp__paraphrase,Emu_Community,2023-02-03T15:12:25-05:00,2025-08-10T23:59:59+00:00,0
CatimaLoyalty__Android,Emu_Custom,2016-01-30T20:36:10-05:00,2024-08-14T20:09:46+02:00,0
CatimaLoyalty__Android,Emu_Community,2024-08-14T20:09:46+02:00,2025-08-10T23:59:59+00:00,0
cgeo__cgeo,Emu_Community,2024-04-14T21:06:45+02:00,2025-07-06T17:01:44+02:00,0
cgeo__cgeo,Emu_Community+ThirdParty,2025-07-06T17:01:44+02:00,2025-07-06T19:26:43+02:00,0
cgeo__cgeo,Emu_Community,2025-07-06T19:26:43+02:00,2025-07-06T19:31:36+02:00,0
cgeo__cgeo,Emu_Community+ThirdParty,2025-07-06T19:31:36+02:00,2025-07-07T21:24:13+02:00,0
cgeo__cgeo,Emu_Community,2025-07-07T21:24:13+02:00,2025-08-10T23:59:59+00:00,0
charpeni__react-native-url-polyfill,Emu_Community,2023-12-23T08:35:43-05:00,2025-08-10T23:59:59+00:00,0
chenxiaolong__RSAF,Emu_Community,2024-07-19T21:55:34-04:00,2025-08-10T23:59:59+00:00,0
cliqz-oss__browser-android,Emu_Custom,2018-02-14T16:01:42+01:00,2025-08-10T23:59:59+00:00,0
cloudinary__cloudinary_android,Emu_Custom,2017-11-15T13:45:04+02:00,2025-08-10T23:59:59+00:00,0
coil-kt__coil,Emu_Community,2019-12-07T15:58:33-08:00,2022-11-29T14:21:36-08:00,0
coil-kt__coil,Emu_Community+GMD,2022-11-29T14:21:36-08:00,2025-08-10T23:59:59+00:00,0
commons-app__apps-android-commons,Emu_Custom,2016-07-16T14:50:51+09:00,2022-02-18T16:18:29+10:00,0
commons-app__apps-android-commons,Emu_Community,2022-02-18T16:18:29+10:00,2025-08-10T23:59:59+00:00,0
concretesolutions__canarinho,Emu_Custom,2015-06-27T23:39:31-03:00,2021-02-01T20:38:32-03:00,0
concretesolutions__canarinho,Emu_Community,2021-02-01T20:38:32-03:00,2025-08-10T23:59:59+00:00,0
connectbot__connectbot,Emu_Custom,2016-06-02T21:31:19-07:00,2021-02-27T13:24:02-08:00,0
connectbot__connectbot,Emu_Community,2021-02-27T13:24:02-08:00,2025-08-10T23:59:59+00:00,0
Crazy-Marvin__MetadataRemover,Emu_Custom,2018-01-10T18:29:09+01:00,2019-12-17T02:46:48+01:00,0
Crazy-Marvin__MetadataRemover,Emu_Community,2019-12-17T02:46:48+01:00,2025-08-10T23:59:59+00:00,0
Criptext__Android-Email-Client,ThirdParty,2019-02-13T11:21:47-05:00,2025-08-10T23:59:59+00:00,0
cuongpm__youtube-dl-android,ThirdParty,2019-02-02T17:43:32+07:00,2025-08-10T23:59:59+00:00,0
CypherpunkArmory__UserLAnd,ThirdParty,2018-07-25T16:31:25-07:00,2025-08-10T23:59:59+00:00,0
dart-lang__http,Emu_Community,2022-08-18T13:50:03-07:00,2025-08-10T23:59:59+00:00,0
dart-lang__native,Emu_Community,2025-04-15T18:54:47+02:00,2025-08-10T23:59:59+00:00,0
dbrodie__AdBuster,Emu_Custom,2016-08-14T20:39:52+03:00,2025-08-10T23:59:59+00:00,0
DesarrolloAntonio__Shiori-Android-Client,Emu_Community,2024-06-14T17:18:54+02:00,2025-08-10T23:59:59+00:00,0
dgngulcan__droid-feed,Emu_Community,2020-05-09T18:31:05-04:00,2025-08-10T23:59:59+00:00,0
dlew__joda-time-android,Emu_Custom,2015-07-25T11:12:32-05:00,2021-10-09T12:24:40-05:00,0
dlew__joda-time-android,Emu_Community,2021-10-09T12:24:40-05:00,2025-08-10T23:59:59+00:00,0
dmfs__opentasks,Emu_Custom,2017-10-19T11:45:28+02:00,2025-08-10T23:59:59+00:00,0
doublesymmetry__KotlinAudio,Emu_Community,2021-08-26T15:31:40+02:00,2025-08-10T23:59:59+00:00,0
douzifly__clear-todolist,Emu_Custom,2015-10-13T13:36:57+08:00,2025-08-10T23:59:59+00:00,0
droidconKE__droidconKeKotlin,Emu_Community,2024-06-14T09:46:43+00:00,2025-08-10T23:59:59+00:00,0
DroidKaigi__conference-app-2020,Emu_Custom,2020-01-17T02:55:16+09:00,2020-01-17T16:12:36+09:00,0
DroidKaigi__conference-app-2020,Emu_Community,2020-01-17T16:12:36+09:00,2025-08-10T23:59:59+00:00,0
DroidKaigi__conference-app-2022,Emu_Community,2022-07-10T19:00:06+09:00,2022-10-03T11:01:59+09:00,0
DroidKaigi__conference-app-2022,GMD,2022-10-03T11:01:59+09:00,2025-08-10T23:59:59+00:00,0
elftausend__custos,Emu_Community,2023-09-18T22:34:58+02:00,2025-08-10T23:59:59+00:00,0
EnsembleUI__ensemble,Emu_Community,2023-03-03T15:00:37-08:00,2024-07-18T16:05:00-07:00,0
EnsembleUI__ensemble,Emu_Community+ThirdParty,2024-07-18T16:05:00-07:00,2024-07-25T18:14:46+05:30,0
EnsembleUI__ensemble,Emu_Community,2024-07-25T18:14:46+05:30,2025-08-10T23:59:59+00:00,0
ErickSumargo__Dads,Emu_Community,2021-03-08T13:38:07+07:00,2025-08-10T23:59:59+00:00,0
erkkah__naett,Emu_Community,2021-12-12T22:53:11+01:00,2025-08-10T23:59:59+00:00,0
EvanRespaut__Equate,Emu_Custom,2017-01-14T18:28:19-05:00,2025-08-10T23:59:59+00:00,0
EventFahrplan__EventFahrplan,Emu_Community,2022-02-14T07:50:25+01:00,2025-08-10T23:59:59+00:00,0
evilcorpltd__aTox,Emu_Community,2020-06-08T00:54:35+02:00,2025-08-10T23:59:59+00:00,0
f-arslan__GptMap,Emu_Community,2024-02-17T20:55:35+03:00,2025-08-10T23:59:59+00:00,0
FabianTerhorst__Floppy,Emu_Custom,2016-09-22T17:16:58+02:00,2025-08-10T23:59:59+00:00,0
FabianTerhorst__Iron,Emu_Custom,2015-12-27T01:25:42+01:00,2025-08-10T23:59:59+00:00,0
Faltenreich__Diaguard,Emu_Community,2023-10-05T20:42:37+02:00,2025-08-10T23:59:59+00:00,0
federicoiosue__Omni-Notes,Emu_Custom,2015-02-17T01:13:10+01:00,2020-07-28T12:14:26+02:00,0
federicoiosue__Omni-Notes,Emu_Community,2020-07-28T12:14:26+02:00,2025-08-10T23:59:59+00:00,0
fewlaps__flone-android,Emu_Custom,2015-09-16T00:44:43+02:00,2025-08-10T23:59:59+00:00,0
firebase__FirebaseUI-Flutter,Emu_Custom,2023-10-05T14:29:48+02:00,2023-11-10T21:29:10+01:00,0
firebase__FirebaseUI-Flutter,Emu_Community,2023-11-10T21:29:10+01:00,2025-08-10T23:59:59+00:00,0
Five-Prayers__five-prayers-android,Emu_Community,2021-03-30T21:58:21+02:00,2025-08-10T23:59:59+00:00,0
flauschtrud__broccoli,ThirdParty,2020-03-02T20:52:37+01:00,2023-01-16T14:37:25+01:00,0
flauschtrud__broccoli,GMD,2023-01-16T14:37:25+01:00,2025-08-10T23:59:59+00:00,0
flet-dev__serious-python,Emu_Custom,2023-10-31T16:01:48-07:00,2025-08-10T23:59:59+00:00,0
FliegendeWurst__TriliumDroid,GMD,2025-01-16T21:52:40+01:00,2025-08-10T23:59:59+00:00,0
fluttercommunity__flutter_workmanager,Emu_Community,2021-07-26T09:28:00+01:00,2025-08-10T23:59:59+00:00,0
fornewid__naver-map-compose,Emu_Community,2022-05-17T22:27:50+09:00,2025-08-10T23:59:59+00:00,0
fossasia__loklak_wok_android,Emu_Custom,2017-08-30T09:50:40+02:00,2025-08-10T23:59:59+00:00,0
fossasia__phimpme-android,Emu_Custom,2016-08-15T10:08:37+02:00,2025-08-10T23:59:59+00:00,0
freeotp__freeotp-android,Emu_Community,2023-09-05T16:26:33-04:00,2025-08-10T23:59:59+00:00,0
GabrielBB__Android-CutOut,Emu_Custom,2018-12-04T21:23:30-04:00,2025-08-10T23:59:59+00:00,0
gdky005__AndroidBadge,Emu_Custom,2017-04-27T19:54:38+08:00,2025-08-10T23:59:59+00:00,0
gemwalletcom__gem-android,Emu_Community,2024-06-03T19:26:28+09:00,2025-08-10T23:59:59+00:00,0
GerardPaligot__android-countdown,Emu_Community,2021-03-03T20:55:04+01:00,2025-08-10T23:59:59+00:00,0
getodk__collect,Emu_Custom,2017-03-16T13:01:00-04:00,2017-11-15T13:19:42-08:00,0
getodk__collect,ThirdParty,2017-11-15T13:19:42-08:00,2025-08-10T23:59:59+00:00,0
getsentry__sentry-react-native,Emu_Community,2020-08-20T20:27:38+07:00,2025-08-10T23:59:59+00:00,0
glpi-project__android-inventory-agent,Emu_Custom,2017-09-01T11:33:04-04:00,2018-08-02T11:09:45-04:00,0
glpi-project__android-inventory-agent,ThirdParty,2018-08-02T11:09:45-04:00,2025-08-10T23:59:59+00:00,0
google__jetpack-camera-app,GMD,2024-03-25T18:42:31-07:00,2025-08-10T23:59:59+00:00,0
gotev__android-cookie-store,Emu_Community,2020-11-27T07:16:26+01:00,2025-08-10T23:59:59+00:00,0
gotev__android-speech,Emu_Community,2020-11-27T07:14:29+01:00,2025-08-10T23:59:59+00:00,0
greenaddress__abcore,Emu_Custom,2016-01-23T00:24:41+01:00,2025-08-10T23:59:59+00:00,0
grote__Transportr,Emu_Custom,2017-10-07T09:52:38-03:00,2021-05-30T14:48:48-03:00,0
grote__Transportr,Emu_Community,2021-05-30T14:48:48-03:00,2025-08-10T23:59:59+00:00,0
guardianproject__proofmode-android,Emu_Custom,2017-02-24T00:33:38-05:00,2025-08-10T23:59:59+00:00,0
guolindev__android-dev-challenge-compose,Emu_Community,2021-02-25T21:38:31+08:00,2025-08-10T23:59:59+00:00,0
H-PixelDroid__PixelDroid,Emu_Custom,2020-02-28T00:41:05+01:00,2022-07-26T17:54:13+02:00,0
H-PixelDroid__PixelDroid,GMD,2022-07-26T17:54:13+02:00,2025-08-10T23:59:59+00:00,0
haiyangwu__mediasoup-client-android,Emu_Custom,2020-02-10T00:04:13+08:00,2025-08-10T23:59:59+00:00,0
hannesa2__panoramaGL,Emu_Community,2023-05-01T07:53:54+02:00,2025-08-10T23:59:59+00:00,0
hannesstruss__unearthed,Emu_Community,2020-02-15T13:24:13+01:00,2025-08-10T23:59:59+00:00,0
haqq-network__haqq-wallet,Emu_Community,2024-01-05T08:50:42+00:00,2025-08-10T23:59:59+00:00,0
haroldadmin__MoonShot,Emu_Custom,2019-05-29T00:42:14+05:30,2020-01-01T11:19:02+05:30,0
haroldadmin__MoonShot,Emu_Community,2020-01-01T11:19:02+05:30,2025-08-10T23:59:59+00:00,0
hitherejoe__HackerNewsReader,Emu_Custom,2015-05-18T16:06:30+01:00,2025-08-10T23:59:59+00:00,0
hitherejoe__minimise,Emu_Community,2020-08-01T06:42:47+01:00,2025-08-10T23:59:59+00:00,0
hitherejoe__MVVM_Hacker_News,Emu_Custom,2015-05-18T16:06:30+01:00,2025-08-10T23:59:59+00:00,0
Hny0305Lin__NLChat,Emu_Community,2024-07-08T05:16:37+08:00,2025-08-10T23:59:59+00:00,0
hoc081098__ViewBindingDelegate,Emu_Community,2020-09-09T01:42:13+07:00,2025-08-10T23:59:59+00:00,0
HYY-yu__TableRecyclerView,Emu_Custom,2017-10-16T11:43:48+08:00,2025-08-10T23:59:59+00:00,0
ianthetechie__uniffi-starter,Emu_Community,2024-10-03T11:06:51+09:00,2025-08-10T23:59:59+00:00,0
ICBNetwork__web3-Wallet,ThirdParty,2024-05-10T13:40:47+03:00,2025-08-10T23:59:59+00:00,0
ice-blockchain__mobile-app,Emu_Community,2023-03-23T09:46:39+02:00,2025-08-10T23:59:59+00:00,0
inaturalist__iNaturalistAndroid,Emu_Community,2021-09-08T09:45:03-07:00,2025-08-10T23:59:59+00:00,0
inaturalist__iNaturalistReactNative,Emu_Custom,2022-12-14T17:58:31+01:00,2024-06-16T13:56:11+02:00,0
inaturalist__iNaturalistReactNative,Emu_Community,2024-06-16T13:56:11+02:00,2024-06-19T10:23:23+02:00,0
inaturalist__iNaturalistReactNative,Emu_Custom,2024-06-19T10:23:23+02:00,2025-08-10T23:59:59+00:00,0
invertase__notifee,Emu_Custom,2020-12-28T19:08:36-05:00,2024-04-09T14:23:10-05:00,0
invertase__notifee,Emu_Community,2024-04-09T14:23:10-05:00,2025-08-10T23:59:59+00:00,0
invertase__react-native-google-mobile-ads,Emu_Custom,2021-04-22T18:25:51-05:00,2022-04-27T14:48:44-05:00,0
invertase__react-native-google-mobile-ads,Emu_Community,2022-04-27T14:48:44-05:00,2025-08-10T23:59:59+00:00,0
ipfs-shipyard__gomobile-ipfs,Emu_Custom,2020-03-13T20:47:42+01:00,2025-08-10T23:59:59+00:00,0
irgaly__kfswatch,GMD,2023-03-14T23:36:39+09:00,2023-03-15T03:30:13+09:00,0
irgaly__kfswatch,Emu_Community+GMD,2023-03-15T03:30:13+09:00,2025-08-10T23:59:59+00:00,0
isar__isar,Emu_Community,2021-03-18T23:10:04+01:00,2022-11-12T19:23:41+01:00,0
isar__isar,ThirdParty,2022-11-12T19:23:41+01:00,2023-07-23T01:56:53+02:00,0
isar__isar,Emu_Community+ThirdParty,2023-07-23T01:56:53+02:00,2024-05-19T20:39:51+02:00,0
isar__isar,ThirdParty,2024-05-19T20:39:51+02:00,2025-08-10T23:59:59+00:00,0
ivnsch__rust_android_ios,Emu_Community,2021-01-02T18:15:53+01:00,2025-08-10T23:59:59+00:00,0
izderadicka__audioserve-android,Emu_Custom,2018-04-23T09:34:36+02:00,2025-08-10T23:59:59+00:00,0
JackEblan__Geto,Emu_Community,2024-01-01T21:03:26+08:00,2025-08-10T23:59:59+00:00,0
JakeWharton__RxBinding,Emu_Custom,2015-04-29T00:54:30-04:00,2020-05-21T17:41:22+10:00,0
JakeWharton__RxBinding,Emu_Community,2020-05-21T17:41:22+10:00,2025-08-10T23:59:59+00:00,0
jameshnsears__QuoteUnquote,Emu_Community,2021-03-26T20:37:39+02:00,2025-08-10T23:59:59+00:00,0
jaredsburrows__android-gif-search,Emu_Custom,2016-09-25T16:21:58-07:00,2020-11-16T19:10:01-05:00,0
jaredsburrows__android-gif-search,Emu_Community,2020-11-16T19:10:01-05:00,2025-08-10T23:59:59+00:00,0
javiersantos__PiracyChecker,Emu_Custom,2018-01-13T18:33:53+01:00,2025-08-10T23:59:59+00:00,0
jerryOkafor__TimeLineView,Emu_Custom,2018-01-05T14:56:57+01:00,2025-08-10T23:59:59+00:00,0
jerson__flutter-openpgp,Emu_Community,2021-12-04T20:48:14-05:00,2025-08-10T23:59:59+00:00,0
jerson__flutter-rsa,Emu_Community,2021-12-04T19:59:36-05:00,2025-08-10T23:59:59+00:00,0
jeziellago__Linkt,Emu_Community,2021-02-01T23:24:51-03:00,2025-08-10T23:59:59+00:00,0
jianjunxiao__NiceVieoPlayer,Emu_Custom,2017-07-12T10:39:10+08:00,2025-08-10T23:59:59+00:00,0
jimmod__ShareToComputer,Emu_Custom,2019-07-15T13:15:55-04:00,2025-08-10T23:59:59+00:00,0
JimmyDaddy__react-native-image-marker,Emu_Community,2023-11-29T14:08:12+08:00,2025-08-10T23:59:59+00:00,0
joreilly__PeopleInSpace,Emu_Community,2021-07-10T12:59:27+01:00,2022-09-17T13:24:41+01:00,0
joreilly__PeopleInSpace,Emu_Community+GMD,2022-09-17T13:24:41+01:00,2023-05-21T18:44:14+01:00,0
joreilly__PeopleInSpace,Emu_Community,2023-05-21T18:44:14+01:00,2023-05-27T20:42:34+01:00,0
joreilly__PeopleInSpace,Emu_Community+GMD,2023-05-27T20:42:34+01:00,2025-08-10T23:59:59+00:00,0
joreilly__StarWars,Emu_Community,2021-12-31T20:30:32+00:00,2025-08-10T23:59:59+00:00,0
juancastillo0__wasm_run,Emu_Community,2023-04-23T12:30:39-05:00,2025-08-10T23:59:59+00:00,0
jungilhan__awesome-blogs-android,Emu_Custom,2017-02-28T00:36:43+09:00,2025-08-10T23:59:59+00:00,0
kakajika__SwipeAwayDialog,Emu_Custom,2016-05-15T10:32:52+09:00,2025-08-10T23:59:59+00:00,0
karonl__InDoorSurfaceView,Emu_Custom,2016-08-28T21:56:08+08:00,2025-08-10T23:59:59+00:00,0
KaustubhPatange__navigator,Emu_Community,2021-05-11T14:07:21+05:30,2025-08-10T23:59:59+00:00,0
kebernet__shortyz,Emu_Custom,2017-01-08T21:40:50-05:00,2025-08-10T23:59:59+00:00,0
kickstarter__android-oss,Emu_Custom,2021-07-27T11:50:24-07:00,2021-07-30T13:05:56-07:00,0
kickstarter__android-oss,Emu_Community,2021-07-30T13:05:56-07:00,2025-08-10T23:59:59+00:00,0
kost__NetworkMapper,Emu_Custom,2016-08-27T22:31:06+02:00,2025-08-10T23:59:59+00:00,0
krzdabrowski__android-starter-2022,Emu_Community,2022-10-03T19:30:07+02:00,2025-08-10T23:59:59+00:00,0
ksoichiro__Android-ObservableScrollView,Emu_Custom,2014-11-09T00:16:43+09:00,2025-08-10T23:59:59+00:00,0
ksoichiro__AndroidFormEnhancer,Emu_Custom,2014-03-09T20:15:00+09:00,2025-08-10T23:59:59+00:00,0
ksoichiro__SimpleAlertDialog-for-Android,Emu_Custom,2014-03-08T23:35:30+09:00,2025-08-10T23:59:59+00:00,0
kylecorry31__Trail-Sense,Emu_Community,2024-07-21T06:45:31-04:00,2025-08-10T23:59:59+00:00,0
labexp__osmtracker-android,Emu_Custom,2016-01-05T23:34:16+11:00,2024-11-26T22:35:51+01:00,0
labexp__osmtracker-android,Emu_Community,2024-11-26T22:35:51+01:00,2024-11-28T14:41:24+01:00,0
labexp__osmtracker-android,Emu_Custom,2024-11-28T14:41:24+01:00,2024-11-28T14:48:36+01:00,0
labexp__osmtracker-android,Emu_Community,2024-11-28T14:48:36+01:00,2025-08-10T23:59:59+00:00,0
lcdsmao__JetTheme,Emu_Community,2020-11-15T21:10:02+09:00,2025-08-10T23:59:59+00:00,0
leandroBorgesFerreira__LoadingButtonAndroid,Emu_Custom,2019-01-13T02:16:32-06:00,2025-08-10T23:59:59+00:00,0
LedgerHQ__ledger-live,Emu_Custom,2020-01-13T20:34:01+01:00,2022-12-01T18:03:06+01:00,0
LedgerHQ__ledger-live,Emu_Community,2022-12-01T18:03:06+01:00,2025-08-10T23:59:59+00:00,0
letelete__sleep-cycle-alarm,Emu_Custom,2018-09-23T12:01:15+02:00,2025-08-10T23:59:59+00:00,0
liangpengfei__LoadingPopPoint,Emu_Custom,2016-02-04T16:30:01+08:00,2025-08-10T23:59:59+00:00,0
ligi__PassAndroid,Emu_Custom,2014-08-12T21:45:07+02:00,2024-09-26T23:32:38+02:00,0
ligi__PassAndroid,Emu_Community,2024-09-26T23:32:38+02:00,2025-08-10T23:59:59+00:00,0
ligi__SurvivalManual,Emu_Community,2024-02-14T23:22:21+01:00,2025-08-10T23:59:59+00:00,0
liihuu__KLineChartAndroid,Emu_Custom,2019-12-16T20:13:00+08:00,2025-08-10T23:59:59+00:00,0
linroid__Pexels,GMD,2024-03-31T17:12:19+08:00,2025-08-10T23:59:59+00:00,0
livefront__bridge,Emu_Custom,2020-03-07T11:58:08-06:00,2023-01-12T08:57:31-06:00,0
livefront__bridge,Emu_Community,2023-01-12T08:57:31-06:00,2025-08-10T23:59:59+00:00,0
lolo-io__OneList,Emu_Community,2024-05-20T13:43:15+02:00,2025-08-10T23:59:59+00:00,0
lopspower__PokeCardCompose,Emu_Community,2022-08-17T14:17:37+02:00,2025-08-10T23:59:59+00:00,0
MackHartley__RoundedProgressBar,Emu_Community,2021-03-25T17:43:27-05:00,2025-08-10T23:59:59+00:00,0
maksim-m__Popular-Movies-App,Emu_Custom,2016-04-10T00:26:51+02:00,2025-08-10T23:59:59+00:00,0
mapbox__store-locator-android,ThirdParty,2017-10-10T14:28:45-07:00,2025-08-10T23:59:59+00:00,0
MarcinMoskala__PreferenceHolder,Emu_Custom,2017-02-14T09:23:26+01:00,2025-08-10T23:59:59+00:00,0
massivedisaster__ADAL,Emu_Custom,2017-05-22T19:36:58+01:00,2025-08-10T23:59:59+00:00,0
mathisdt__trackworktime,Emu_Community,2022-09-04T21:27:02+02:00,2025-08-10T23:59:59+00:00,0
maxkeppeler__sheets-compose-dialogs,Emu_Community,2022-10-23T10:49:21+02:00,2025-08-10T23:59:59+00:00,0
maxpower47__PinDroid,Emu_Custom,2016-04-29T23:32:02+03:00,2025-08-10T23:59:59+00:00,0
medic__cht-gateway,Emu_Custom,2016-04-21T17:04:25+02:00,2021-12-07T10:02:21+01:00,0
medic__cht-gateway,Emu_Community,2021-12-07T10:02:21+01:00,2025-08-10T23:59:59+00:00,0
MichaelEvans__Aftermath,Emu_Custom,2015-07-30T22:45:34-04:00,2025-08-10T23:59:59+00:00,0
michaeltroger__pdfwallet-android,Emu_Community,2023-04-27T07:48:21+02:00,2025-08-10T23:59:59+00:00,0
michelelacorte__AndroidAppShortcuts,Emu_Custom,2017-01-23T16:50:06+01:00,2025-08-10T23:59:59+00:00,0
microservicer__flutter-pipelines,Emu_Community,2023-08-04T16:26:08+02:00,2025-08-10T23:59:59+00:00,0
miguelhincapie__CustomBottomSheetBehavior,Emu_Custom,2018-04-04T13:48:20-05:00,2025-08-10T23:59:59+00:00,0
MikeOrtiz__TouchImageView,Emu_Custom,2018-09-26T22:04:48+02:00,2020-03-01T09:35:43+01:00,0
MikeOrtiz__TouchImageView,Emu_Community,2020-03-01T09:35:43+01:00,2025-08-10T23:59:59+00:00,0
MiSikora__laboratory,Emu_Community,2020-10-14T19:33:45+02:00,2025-08-10T23:59:59+00:00,0
mjaakko__NeoStumbler,Emu_Community,2024-09-01T21:29:15+03:00,2025-08-10T23:59:59+00:00,0
mlcommons__mobile_app_open,ThirdParty,2021-11-19T09:23:20+07:00,2025-08-10T23:59:59+00:00,0
moezbhatti__qksms,Emu_Custom,2018-01-05T22:16:09-05:00,2025-08-10T23:59:59+00:00,0
MostafaGazar__soas,Emu_Custom,2014-12-29T23:40:46+02:00,2025-08-10T23:59:59+00:00,0
mshdabiola__NotePad,Emu_Community,2023-01-22T16:00:56+01:00,2025-08-10T23:59:59+00:00,0
n8ebel__GitHubActionsAutomationSandbox,Emu_Community,2020-09-24T04:15:39-07:00,2025-08-10T23:59:59+00:00,0
Nailik__rhasspy_mobile,Emu_Community,2022-06-06T17:46:41+02:00,2025-08-10T23:59:59+00:00,0
nanihadesuka__NovelDokusha,Emu_Community,2024-04-12T20:45:54+02:00,2025-08-10T23:59:59+00:00,0
natario1__GIFCompressor,Emu_Community,2019-12-23T13:03:22+01:00,2025-08-10T23:59:59+00:00,0
natsuk4ze__gal,Emu_Community,2023-06-11T19:12:29+09:00,2025-07-20T00:28:32+09:00,0
natsuk4ze__gal,Emu_Custom,2025-07-20T00:28:32+09:00,2025-07-20T12:19:40+09:00,0
natsuk4ze__gal,Emu_Community,2025-07-20T12:19:40+09:00,2025-07-20T04:26:04+00:00,0
natsuk4ze__gal,Emu_Custom,2025-07-20T04:26:04+00:00,2025-07-20T13:27:28+09:00,0
natsuk4ze__gal,Emu_Community,2025-07-20T13:27:28+09:00,2025-07-20T04:46:47+00:00,0
natsuk4ze__gal,Emu_Custom,2025-07-20T04:46:47+00:00,2025-07-20T14:03:47+09:00,0
natsuk4ze__gal,Emu_Community,2025-07-20T14:03:47+09:00,2025-07-20T07:06:47+00:00,0
natsuk4ze__gal,Emu_Custom,2025-07-20T07:06:47+00:00,2025-07-20T19:08:29+09:00,0
natsuk4ze__gal,Emu_Community,2025-07-20T19:08:29+09:00,2025-07-20T19:51:16+09:00,0
natsuk4ze__gal,Emu_Custom,2025-07-20T19:51:16+09:00,2025-07-20T22:22:04+09:00,0
natsuk4ze__gal,Emu_Community,2025-07-20T22:22:04+09:00,2025-08-10T23:59:59+00:00,0
nextcloud__android,Emu_Custom,2014-01-21T17:16:57+01:00,2020-11-18T09:57:01+01:00,0
nextcloud__android,Emu_Community,2020-11-18T09:57:01+01:00,2023-10-17T08:50:19+02:00,1
nextcloud__android,Emu_Custom,2023-10-17T08:50:19+02:00,2023-10-18T03:40:19+02:00,0
nextcloud__android,Emu_Community,2023-10-18T03:40:19+02:00,2025-08-10T23:59:59+00:00,0
nhirokinet__bluelineconsole,Emu_Community,2021-10-20T03:17:54+09:00,2025-08-10T23:59:59+00:00,0
NiciDieNase__chaosflix,Emu_Custom,2017-03-25T22:13:39+01:00,2025-08-10T23:59:59+00:00,0
nightscout__AndroidAPS,Emu_Community,2023-10-14T23:27:56+02:00,2024-01-22T12:06:00+01:00,0
nightscout__AndroidAPS,Emu_Custom,2024-01-22T12:06:00+01:00,2024-03-11T21:13:31+01:00,0
nightscout__AndroidAPS,Emu_Community,2024-03-11T21:13:31+01:00,2024-03-11T21:41:08+01:00,0
nightscout__AndroidAPS,Emu_Custom,2024-03-11T21:41:08+01:00,2025-08-10T23:59:59+00:00,0
nkuppan__expensemanager,GMD,2022-09-15T21:01:28+05:30,2023-11-16T02:06:15+01:00,0
nkuppan__expensemanager,Emu_Community+GMD,2023-11-16T02:06:15+01:00,2023-11-16T21:44:09+01:00,0
nkuppan__expensemanager,GMD,2023-11-16T21:44:09+01:00,2025-08-10T23:59:59+00:00,0
nschnettler__Compose-Scrobbler,Emu_Community,2020-07-26T15:57:08+02:00,2025-08-10T23:59:59+00:00,0
nukc__LoadMoreWrapper,Emu_Custom,2017-02-10T11:09:02+08:00,2025-08-10T23:59:59+00:00,0
nukc__StateView,Emu_Custom,2017-02-10T09:45:04+08:00,2025-08-10T23:59:59+00:00,0
NUmeroAndDev__MaterialGallery-android,Emu_Community,2022-06-18T17:51:05+09:00,2023-06-16T10:07:45+09:00,0
NUmeroAndDev__MaterialGallery-android,GMD,2023-06-16T10:07:45+09:00,2025-08-10T23:59:59+00:00,0
okanaydin__Android-Compose-Challenge,Emu_Community,2021-02-25T22:32:59+03:00,2025-08-10T23:59:59+00:00,0
OlauncherCF__OlauncherCF,Emu_Community,2022-12-26T09:37:29+01:00,2025-08-10T23:59:59+00:00,0
OneBusAway__onebusaway-android,Emu_Custom,2014-05-27T13:14:25-04:00,2021-06-16T14:46:52-04:00,0
OneBusAway__onebusaway-android,Emu_Community,2021-06-16T14:46:52-04:00,2025-08-10T23:59:59+00:00,0
ooni__probe-android,Emu_Custom,2019-01-08T17:22:48+13:00,2020-09-11T14:25:09+02:00,0
ooni__probe-android,Emu_Community,2020-09-11T14:25:09+02:00,2025-08-10T23:59:59+00:00,0
opendocument-app__OpenDocument.droid,Emu_Community,2020-12-06T11:57:37+01:00,2025-08-10T23:59:59+00:00,0
openhab__openhab-android,Emu_Custom,2018-01-05T14:13:59+01:00,2025-05-05T18:16:16+02:00,0
openhab__openhab-android,Emu_Community,2025-05-05T18:16:16+02:00,2025-08-10T23:59:59+00:00,0
openintents__shoppinglist,Emu_Custom,2014-06-16T13:25:16+02:00,2025-08-10T23:59:59+00:00,0
openthread__ot-commissioner,Emu_Community,2020-12-07T10:14:17-08:00,2025-08-10T23:59:59+00:00,0
OpenTracksApp__OpenTracks,Emu_Custom,2019-10-28T23:25:07+01:00,2020-02-03T23:27:19+01:00,0
OpenTracksApp__OpenTracks,Emu_Community,2020-02-03T23:27:19+01:00,2025-08-10T23:59:59+00:00,0
OpnTec__bodyapps-android,Emu_Custom,2014-06-23T01:04:23+05:30,2025-08-10T23:59:59+00:00,0
orgzly-revived__orgzly-android-revived,Emu_Community,2024-04-11T18:07:29+02:00,2025-08-10T23:59:59+00:00,0
owntracks__android,Emu_Community,2020-05-25T18:44:08+01:00,2024-02-13T12:57:01+00:00,0
owntracks__android,Emu_Community+GMD,2024-02-13T12:57:01+00:00,2025-08-10T23:59:59+00:00,0
oxygen-updater__oxygen-updater,Emu_Community,2024-02-17T17:18:08+05:30,2025-08-10T23:59:59+00:00,0
pachli__pachli-android,Emu_Community,2025-02-02T21:29:27+01:00,2025-08-10T23:59:59+00:00,0
passsy__spot,Emu_Community,2025-05-06T16:19:27+02:00,2025-08-10T23:59:59+00:00,0
PatilShreyas__NotyKT,Emu_Community,2025-06-14T23:49:45+05:30,2025-08-10T23:59:59+00:00,0
pauloaapereira__AndroidDevChallenge_Week4_JetWeatherfy,Emu_Community,2021-03-17T14:24:10+00:00,2025-08-10T23:59:59+00:00,0
persian-calendar__persian-calendar,Emu_Community,2021-05-11T01:35:24+04:30,2025-08-10T23:59:59+00:00,0
Piasy__YaMvp,Emu_Custom,2016-09-20T00:09:21+08:00,2025-08-10T23:59:59+00:00,0
pilgr__Paper,Emu_Custom,2015-07-03T20:56:57+03:00,2025-08-10T23:59:59+00:00,0
posm__OpenMapKitAndroid,Emu_Custom,2016-08-10T14:46:45+03:00,2025-08-10T23:59:59+00:00,0
prisma__react-native-prisma,Emu_Community,2024-04-30T11:21:03+02:00,2025-08-10T23:59:59+00:00,0
privacybydesign__irmamobile,ThirdParty,2022-08-05T14:42:13+02:00,2025-08-10T23:59:59+00:00,0
promeG__TinyPinyin,Emu_Custom,2017-02-05T11:13:44+08:00,2025-08-10T23:59:59+00:00,0
PRosenb__AdbClipboard,Emu_Custom,2018-02-19T15:30:16+11:00,2025-08-10T23:59:59+00:00,0
PureWriter__ToastCompat,Emu_Custom,2017-12-08T21:37:10+08:00,2025-08-10T23:59:59+00:00,0
rafsanjani__datepickertimeline,Emu_Community,2021-11-22T19:04:39+00:00,2025-08-10T23:59:59+00:00,0
ragunathjawahar__android-saripaar,Emu_Custom,2015-03-01T21:18:37+05:30,2025-08-10T23:59:59+00:00,0
Rajawali__Rajawali,Emu_Custom,2016-08-27T20:21:29-07:00,2019-01-13T11:54:19-05:00,0
Rajawali__Rajawali,ThirdParty,2019-01-13T11:54:19-05:00,2020-03-03T08:31:46+01:00,0
Rajawali__Rajawali,Emu_Community+ThirdParty,2020-03-03T08:31:46+01:00,2021-02-02T14:51:26+00:00,0
Rajawali__Rajawali,ThirdParty,2021-02-02T14:51:26+00:00,2021-02-02T11:26:08-06:00,1
Rajawali__Rajawali,Emu_Community+ThirdParty,2021-02-02T11:26:08-06:00,2025-08-10T23:59:59+00:00,0
RBusarow__Tangle,Emu_Community,2021-08-31T18:42:32+00:00,2025-08-10T23:59:59+00:00,0
ReactiveCircus__streamlined,Emu_Community,2020-03-30T22:46:44+11:00,2025-08-10T23:59:59+00:00,0
readrops__Readrops,Emu_Custom,2020-03-20T22:36:52+01:00,2020-03-22T17:58:09+01:00,0
readrops__Readrops,Emu_Community,2020-03-22T17:58:09+01:00,2020-03-22T18:21:33+01:00,0
readrops__Readrops,Emu_Custom,2020-03-22T18:21:33+01:00,2020-03-22T18:22:37+01:00,0
readrops__Readrops,Emu_Community,2020-03-22T18:22:37+01:00,2025-08-10T23:59:59+00:00,0
realm__realm-kotlin,Emu_Custom,2020-09-23T15:45:37+02:00,2022-08-22T18:11:58+02:00,0
realm__realm-kotlin,Emu_Community,2022-08-22T18:11:58+02:00,2025-08-10T23:59:59+00:00,0
Redgram__redgram-for-reddit,Emu_Custom,2016-04-11T22:28:56-04:00,2025-08-10T23:59:59+00:00,0
RedMadRobot__PINkman,Emu_Custom,2020-06-24T19:33:05+03:00,2020-07-08T13:08:47+03:00,0
RedMadRobot__PINkman,Emu_Community,2020-07-08T13:08:47+03:00,2025-08-10T23:59:59+00:00,0
rejasupotaro__Rebuild,Emu_Custom,2014-02-03T23:16:49+09:00,2025-08-10T23:59:59+00:00,0
renyuneyun__Easer,Emu_Custom,2017-10-27T12:52:44+01:00,2022-05-01T00:14:48+01:00,0
renyuneyun__Easer,Emu_Community,2022-05-01T00:14:48+01:00,2025-08-10T23:59:59+00:00,0
requery__requery,Emu_Custom,2016-02-20T21:37:45-08:00,2025-08-10T23:59:59+00:00,0
riggaroo__adopt-me-compose,Emu_Community,2021-02-27T14:14:40+02:00,2025-08-10T23:59:59+00:00,0
riggaroo__AndroidDatabaseUpgrades,Emu_Custom,2015-12-29T14:07:45+02:00,2025-08-10T23:59:59+00:00,0
robolectric__robolectric,Emu_Community,2021-10-16T16:31:41+08:00,2021-10-16T17:32:11+08:00,0
robolectric__robolectric,Emu_Community+GMD,2021-10-16T17:32:11+08:00,2022-06-12T14:43:56+08:00,0
robolectric__robolectric,Emu_Community,2022-06-12T14:43:56+08:00,2025-08-10T23:59:59+00:00,0
RocketChat__Rocket.Chat.ReactNative,Emu_Custom,2021-04-05T17:34:53+05:30,2023-03-07T09:28:51-03:00,0
RocketChat__Rocket.Chat.ReactNative,Emu_Community,2023-03-07T09:28:51-03:00,2025-08-10T23:59:59+00:00,1
ronaldsmartin__Material-ViewPagerIndicator,Emu_Custom,2016-10-13T10:05:44-07:00,2025-08-10T23:59:59+00:00,0
RoRoche__AndroidStarter,Emu_Custom,2016-10-11T14:01:25+02:00,2025-08-10T23:59:59+00:00,0
rosuH__EasyWatermark,GMD,2022-12-18T12:04:37+08:00,2025-08-10T23:59:59+00:00,0
rozPierog__Cofi,Emu_Community,2021-01-14T21:34:55+01:00,2025-08-10T23:59:59+00:00,0
rtoshiro__FullscreenVideoView,Emu_Custom,2016-02-02T10:22:13-02:00,2025-08-10T23:59:59+00:00,0
ruffle-rs__ruffle-android,GMD,2024-03-26T18:34:10+01:00,2024-03-26T18:34:10+01:00,0
ruffle-rs__ruffle-android,Emu_Community,2024-03-26T18:34:10+01:00,2025-08-10T23:59:59+00:00,0
sakusaku3939__DeepLAndroid,Emu_Community,2025-07-13T19:47:35+09:00,2025-08-10T23:59:59+00:00,0
salvadordeveloper__flutter-crypto-app,Emu_Community,2021-05-27T15:59:34-06:00,2025-08-10T23:59:59+00:00,0
Samsung__escargot,Emu_Community,2023-01-27T16:45:25+09:00,2025-08-10T23:59:59+00:00,0
sangcomz__FishBun,Emu_Custom,2016-10-23T11:41:39+09:00,2020-12-06T23:26:12+09:00,0
sangcomz__FishBun,Emu_Community,2020-12-06T23:26:12+09:00,2025-08-10T23:59:59+00:00,0
scribe-org__Scribe-Android,Emu_Community,2025-06-15T00:40:05+02:00,2025-08-10T23:59:59+00:00,0
SecUSo__privacy-friendly-notes,Emu_Community,2024-09-05T15:27:43+02:00,2025-08-10T23:59:59+00:00,0
SecUSo__privacy-friendly-pedometer,Emu_Community,2024-02-03T10:29:29+01:00,2025-08-10T23:59:59+00:00,0
SecUSo__privacy-friendly-todo-list,Emu_Community,2024-02-16T18:30:02+01:00,2025-08-10T23:59:59+00:00,0
seedvault-app__seedvault,Emu_Custom,2023-09-14T17:33:30+00:00,2023-10-09T00:01:26+05:30,0
seedvault-app__seedvault,Emu_Community,2023-10-09T00:01:26+05:30,2023-10-17T21:24:38-04:00,0
seedvault-app__seedvault,Emu_Custom,2023-10-17T21:24:38-04:00,2025-08-10T23:59:59+00:00,0
segler-alex__RadioDroid,Emu_Custom,2016-06-26T13:10:36+02:00,2020-06-28T12:14:56+02:00,0
segler-alex__RadioDroid,Emu_Community,2020-06-28T12:14:56+02:00,2025-08-10T23:59:59+00:00,0
sellmair__kompass,Emu_Custom,2018-08-11T01:09:11+02:00,2025-08-10T23:59:59+00:00,0
servo__surfman,Emu_Community,2025-02-03T18:08:14+00:00,2025-08-10T23:59:59+00:00,0
SharezoneApp__sharezone-app,Emu_Community,2023-02-24T10:24:27+00:00,2023-07-01T15:11:11+00:00,0
SharezoneApp__sharezone-app,Emu_Custom,2023-07-01T15:11:11+00:00,2023-08-18T08:37:49+00:00,0
SharezoneApp__sharezone-app,ThirdParty,2023-08-18T08:37:49+00:00,2025-08-10T23:59:59+00:00,0
simonnorberg__dmach,Emu_Custom,2014-12-18T20:43:14+01:00,2024-03-28T13:53:25+01:00,0
simonnorberg__dmach,Emu_Community,2024-03-28T13:53:25+01:00,2025-08-10T23:59:59+00:00,0
simpledotorg__simple-android,Emu_Community,2020-04-30T03:47:58+00:00,2025-08-10T23:59:59+00:00,0
sky-map-team__stardroid,Emu_Custom,2016-04-11T17:47:14-04:00,2021-09-26T14:55:20-04:00,0
sky-map-team__stardroid,Emu_Community,2021-09-26T14:55:20-04:00,2025-08-10T23:59:59+00:00,0
slackhq__circuit,Emu_Community,2022-09-06T20:00:26-04:00,2023-12-21T04:22:32+00:00,0
slackhq__circuit,Emu_Community+ThirdParty,2023-12-21T04:22:32+00:00,2025-08-10T23:59:59+00:00,0
smartdevicelink__sdl_java_suite,Emu_Custom,2017-03-28T16:25:53-04:00,2020-01-14T14:42:44-05:00,0
smartdevicelink__sdl_java_suite,Emu_Community,2020-01-14T14:42:44-05:00,2025-08-10T23:59:59+00:00,0
softartdev__NoteDelight,Emu_Community,2020-06-28T07:56:43+05:00,2025-08-10T23:59:59+00:00,0
software-mansion__react-native-screens,Emu_Community,2021-09-21T07:15:56+02:00,2025-08-10T23:59:59+00:00,0
sopt-makers__sopt-android,GMD,2025-07-12T00:31:54+09:00,2025-08-10T23:59:59+00:00,0
spacecowboy__Feeder,GMD,2022-09-18T10:17:21+02:00,2022-12-17T14:13:49+01:00,0
spacecowboy__Feeder,Emu_Community+GMD,2022-12-17T14:13:49+01:00,2023-03-08T09:13:01+01:00,0
spacecowboy__Feeder,GMD,2023-03-08T09:13:01+01:00,2023-12-22T01:14:27+01:00,0
spacecowboy__Feeder,Emu_Community+GMD,2023-12-22T01:14:27+01:00,2023-12-22T02:13:15+01:00,0
spacecowboy__Feeder,GMD,2023-12-22T02:13:15+01:00,2023-12-22T10:18:36+01:00,0
spacecowboy__Feeder,Emu_Community+GMD,2023-12-22T10:18:36+01:00,2024-01-04T22:50:33+01:00,0
spacecowboy__Feeder,GMD,2024-01-04T22:50:33+01:00,2025-01-25T12:06:09+01:00,0
spacecowboy__Feeder,Emu_Community+GMD,2025-01-25T12:06:09+01:00,2025-08-10T23:59:59+00:00,0
spacecowboy__NotePad,Emu_Custom,2014-01-18T15:45:28+01:00,2022-11-03T08:49:41+01:00,0
spacecowboy__NotePad,Emu_Community,2022-11-03T08:49:41+01:00,2025-08-10T23:59:59+00:00,0
Spikeysanju__Wiggles,Emu_Community,2021-02-27T13:27:51+05:30,2025-08-10T23:59:59+00:00,0
splitwise__TokenAutoComplete,Emu_Custom,2017-10-25T11:57:27-04:00,2020-08-02T19:56:43-04:00,0
splitwise__TokenAutoComplete,Emu_Custom+ThirdParty,2020-08-02T19:56:43-04:00,2025-08-10T23:59:59+00:00,0
sqldelight__sqldelight,Emu_Custom,2016-09-19T13:41:33-04:00,2020-01-14T11:03:52-05:00,0
sqldelight__sqldelight,Emu_Community,2020-01-14T11:03:52-05:00,2020-01-17T17:50:10-05:00,0
sqldelight__sqldelight,Emu_Custom,2020-01-17T17:50:10-05:00,2020-01-17T20:37:42-05:00,0
sqldelight__sqldelight,Emu_Community,2020-01-17T20:37:42-05:00,2025-08-10T23:59:59+00:00,0
square__curtains,Emu_Community,2021-02-01T13:29:07-08:00,2025-08-10T23:59:59+00:00,0
square__cycler,Emu_Community,2020-08-19T15:20:39-07:00,2025-08-10T23:59:59+00:00,0
square__leakcanary,Emu_Community,2020-12-09T10:31:35+01:00,2025-08-10T23:59:59+00:00,0
square__okhttp,Emu_Community,2021-04-25T15:54:19+01:00,2025-08-10T23:59:59+00:00,0
square__papa,Emu_Community,2021-09-17T15:18:06-07:00,2025-08-10T23:59:59+00:00,0
square__wire,Emu_Community,2024-03-28T09:37:27-04:00,2025-08-10T23:59:59+00:00,0
StefanIlchev__ElementumService,Emu_Community,2024-09-22T17:20:03+03:00,2025-08-10T23:59:59+00:00,0
streetwriters__notesnook,Emu_Custom,2021-08-07T11:26:21+05:00,2024-11-11T19:25:56+05:00,0
streetwriters__notesnook,Emu_Community,2024-11-11T19:25:56+05:00,2025-08-10T23:59:59+00:00,0
Stuart-campbell__RushOrm,Emu_Custom,2016-06-28T19:35:41+01:00,2025-08-10T23:59:59+00:00,0
SwissCovid__swisscovid-app-android,Emu_Community,2020-06-14T19:16:44+02:00,2025-08-10T23:59:59+00:00,0
synonymdev__bitkit,Emu_Community,2024-06-17T18:34:08+01:00,2025-08-10T23:59:59+00:00,0
syrjs__core,Emu_Custom,2017-12-29T16:05:30-08:00,2025-08-10T23:59:59+00:00,0
t895__DNSNet,Emu_Community,2025-03-18T16:34:26-04:00,2025-08-10T23:59:59+00:00,0
takahirom__PreLollipopTransition,Emu_Custom,2015-10-03T23:45:54+09:00,2025-08-10T23:59:59+00:00,0
talenguyen__PrettyBundle,Emu_Custom,2015-02-25T10:36:10+07:00,2025-08-10T23:59:59+00:00,0
tasks__tasks,Emu_Custom,2013-10-16T18:48:56-05:00,2021-01-20T15:49:04-06:00,0
tasks__tasks,Emu_Community,2021-01-20T15:49:04-06:00,2024-03-13T23:52:33-05:00,0
tasks__tasks,GMD,2024-03-13T23:52:33-05:00,2024-03-16T11:35:44-05:00,0
tasks__tasks,Emu_Community+GMD,2024-03-16T11:35:44-05:00,2024-04-21T01:18:26-05:00,0
tasks__tasks,Emu_Community,2024-04-21T01:18:26-05:00,2024-04-21T01:21:20-05:00,0
tasks__tasks,Emu_Community+GMD,2024-04-21T01:21:20-05:00,2025-08-10T23:59:59+00:00,0
TeamAmaze__AmazeFileManager,Emu_Community,2022-01-30T16:09:48-03:00,2025-08-10T23:59:59+00:00,0
TeamNewPipe__NewPipe,Emu_Custom,2015-12-01T21:31:10+01:00,2021-03-29T10:18:12+02:00,0
TeamNewPipe__NewPipe,Emu_Community,2021-03-29T10:18:12+02:00,2025-08-10T23:59:59+00:00,0
TechbeeAT__jtxBoard,Emu_Custom,2021-06-07T21:13:16+00:00,2023-01-10T23:08:32+01:00,0
TechbeeAT__jtxBoard,Emu_Custom+GMD,2023-01-10T23:08:32+01:00,2023-06-13T10:43:48+02:00,0
TechbeeAT__jtxBoard,Emu_Community+GMD,2023-06-13T10:43:48+02:00,2023-12-09T12:47:29+01:00,0
TechbeeAT__jtxBoard,Emu_Custom+GMD,2023-12-09T12:47:29+01:00,2023-12-11T22:54:53+01:00,0
TechbeeAT__jtxBoard,Emu_Community+GMD,2023-12-11T22:54:53+01:00,2024-05-31T22:37:40+02:00,0
TechbeeAT__jtxBoard,Emu_Community,2024-05-31T22:37:40+02:00,2024-06-02T08:50:45+02:00,0
TechbeeAT__jtxBoard,Emu_Community+GMD,2024-06-02T08:50:45+02:00,2024-06-05T22:02:19+02:00,0
TechbeeAT__jtxBoard,Emu_Community,2024-06-05T22:02:19+02:00,2025-08-10T23:59:59+00:00,0
tfcporciuncula__flow-preferences,Emu_Community,2020-01-04T16:24:11+01:00,2025-08-10T23:59:59+00:00,0
tfcporciuncula__phonemoji,Emu_Community,2020-08-14T16:29:32+02:00,2025-08-10T23:59:59+00:00,0
TharunBalaji2004__android-ci-cd,Emu_Community,2023-06-27T14:34:59+05:30,2025-08-10T23:59:59+00:00,0
thevindu-w__clip_share_client,Emu_Community,2024-03-02T21:54:51+05:30,2025-08-10T23:59:59+00:00,0
thiagokimo__Faker,Emu_Custom,2015-08-26T01:30:16+01:00,2025-08-10T23:59:59+00:00,0
ThibaultBee__srtdroid,Emu_Community,2022-06-19T16:06:05+02:00,2025-08-10T23:59:59+00:00,0
thunderbiscuit__padawan-wallet,Emu_Community,2022-04-08T09:28:30-04:00,2025-08-10T23:59:59+00:00,0
thyrlian__AwesomeValidation,Emu_Custom,2015-03-04T22:03:56+01:00,2020-08-31T21:44:13+02:00,0
thyrlian__AwesomeValidation,Emu_Community,2020-08-31T21:44:13+02:00,2025-08-10T23:59:59+00:00,0
Tommy-Geenexus__exif-eraser,Emu_Community,2021-01-04T10:57:56+01:00,2025-08-10T23:59:59+00:00,0
TomRoush__PdfBox-Android,Emu_Custom,2017-04-20T18:48:44-05:00,2021-07-05T12:55:16-05:00,0
TomRoush__PdfBox-Android,Emu_Community,2021-07-05T12:55:16-05:00,2025-08-10T23:59:59+00:00,0
tonilopezmr__Game-of-Thrones,Emu_Custom,2016-05-14T18:57:58+02:00,2025-08-10T23:59:59+00:00,0
tripadvisor__android-clockseekbar,Emu_Custom,2014-08-04T16:21:23-04:00,2025-08-10T23:59:59+00:00,0
trynoice__android-app,Emu_Custom,2020-03-07T00:48:01+05:30,2020-05-29T23:51:23+05:30,0
trynoice__android-app,Emu_Community,2020-05-29T23:51:23+05:30,2025-08-10T23:59:59+00:00,0
TUBB__CalendarSelector,Emu_Custom,2016-07-21T15:06:54+08:00,2025-08-10T23:59:59+00:00,0
TwidereProject__TwidereX-Android,Emu_Community,2021-05-14T18:05:59+08:00,2025-08-10T23:59:59+00:00,0
twilio__twilio-voice-react-native,Emu_Community,2024-02-07T12:46:19-08:00,2025-08-10T23:59:59+00:00,0
twireapp__Twire,Emu_Community,2022-02-24T17:21:30-05:00,2025-08-10T23:59:59+00:00,0
uber__simple-store,Emu_Community,2020-06-10T14:55:17-07:00,2025-08-10T23:59:59+00:00,0
UriahShaulMandel__BaldPhone,Emu_Custom,2019-06-23T17:59:03+03:00,2020-01-04T13:30:15+02:00,0
UriahShaulMandel__BaldPhone,Emu_Community,2020-01-04T13:30:15+02:00,2020-01-04T13:35:15+02:00,0
UriahShaulMandel__BaldPhone,Emu_Custom,2020-01-04T13:35:15+02:00,2021-06-14T14:26:52+03:00,0
UriahShaulMandel__BaldPhone,Emu_Community,2021-06-14T14:26:52+03:00,2021-06-14T15:12:03+03:00,0
UriahShaulMandel__BaldPhone,Emu_Custom,2021-06-14T15:12:03+03:00,2021-06-14T15:47:22+03:00,0
UriahShaulMandel__BaldPhone,Emu_Community,2021-06-14T15:47:22+03:00,2021-06-14T18:22:22+03:00,0
UriahShaulMandel__BaldPhone,Emu_Custom,2021-06-14T18:22:22+03:00,2025-08-10T23:59:59+00:00,0
v2er-app__Android,Emu_Community,2025-07-09T01:19:53+08:00,2025-08-10T23:59:59+00:00,0
ValentinFunk__BrainPhaser,Emu_Custom,2016-06-29T11:51:39+02:00,2025-08-10T23:59:59+00:00,0
ValterKasper__space-app,GMD,2022-05-29T15:49:54+02:00,2025-08-10T23:59:59+00:00,0
vgaidarji__ci-matters,Emu_Custom,2016-11-19T12:48:53+02:00,2020-05-09T14:19:34+03:00,0
vgaidarji__ci-matters,Emu_Community,2020-05-09T14:19:34+03:00,2025-08-10T23:59:59+00:00,0
VictorAlbertos__BreadcrumbsView,Emu_Custom,2016-10-07T15:02:19+02:00,2025-08-10T23:59:59+00:00,0
VictorAlbertos__SwipeCoordinator,Emu_Custom,2016-10-22T14:16:55+02:00,2025-08-10T23:59:59+00:00,0
vitaviva__compose-weather,Emu_Community,2021-03-18T19:43:57+08:00,2025-08-10T23:59:59+00:00,0
vitaviva__CountdownTimer,Emu_Community,2021-03-05T11:02:14+08:00,2025-08-10T23:59:59+00:00,0
vmiklos__plees-tracker,Emu_Custom,2019-12-28T09:17:01+01:00,2020-11-20T19:50:55+01:00,0
vmiklos__plees-tracker,Emu_Community,2020-11-20T19:50:55+01:00,2025-08-10T23:59:59+00:00,0
voghDev__PdfViewPager,Emu_Custom,2016-10-25T19:07:46+02:00,2025-08-10T23:59:59+00:00,0
VREMSoftwareDevelopment__WiFiAnalyzer,ThirdParty,2025-03-31T22:19:20-04:00,2025-04-01T07:17:46-04:00,0
VREMSoftwareDevelopment__WiFiAnalyzer,Emu_Community+ThirdParty,2025-04-01T07:17:46-04:00,2025-04-01T08:11:15-04:00,0
VREMSoftwareDevelopment__WiFiAnalyzer,ThirdParty,2025-04-01T08:11:15-04:00,2025-08-10T23:59:59+00:00,0
wajahatkarim3__Imagine,Emu_Community,2021-03-15T01:29:25+05:00,2025-08-10T23:59:59+00:00,0
WangJie0822__Cashbook,Emu_Community,2023-11-08T11:14:07+08:00,2023-12-22T10:34:40+08:00,0
WangJie0822__Cashbook,Emu_Community+GMD,2023-12-22T10:34:40+08:00,2023-12-22T17:31:05+08:00,0
WangJie0822__Cashbook,Emu_Community,2023-12-22T17:31:05+08:00,2025-08-10T23:59:59+00:00,0
wikimedia__apps-android-wikipedia,Emu_Community,2021-03-17T13:16:35-04:00,2025-08-10T23:59:59+00:00,0
willowtreeapps__vocable-android,Emu_Custom,2020-04-20T15:20:52-04:00,2022-05-05T13:46:36-04:00,0
willowtreeapps__vocable-android,Emu_Community,2022-05-05T13:46:36-04:00,2023-08-23T18:29:54-04:00,0
willowtreeapps__vocable-android,Emu_Custom,2023-08-23T18:29:54-04:00,2023-08-30T16:21:00-04:00,0
willowtreeapps__vocable-android,Emu_Community,2023-08-30T16:21:00-04:00,2024-01-10T12:13:38-05:00,0
willowtreeapps__vocable-android,Emu_Custom,2024-01-10T12:13:38-05:00,2024-04-03T11:57:59-04:00,0
willowtreeapps__vocable-android,ThirdParty,2024-04-03T11:57:59-04:00,2025-08-10T23:59:59+00:00,0
woxingxiao__FillBlankView,Emu_Custom,2016-01-22T10:27:13+08:00,2025-08-10T23:59:59+00:00,0
xebia-functional__appsly-android-rest,Emu_Custom,2013-12-28T23:45:09+01:00,2025-08-10T23:59:59+00:00,0
XRPL-Labs__Xaman-App,Emu_Community,2024-04-08T16:53:58+02:00,2025-08-10T23:59:59+00:00,0
XuDaojie__MultiStateView,Emu_Custom,2016-11-04T11:08:59+08:00,2025-08-10T23:59:59+00:00,0
xurxodev__Movies-Kotlin-Kata,Emu_Custom,2017-05-28T13:43:58+02:00,2025-08-10T23:59:59+00:00,0
y-polek__TransmissionRemote,Emu_Community,2023-01-01T22:57:50+02:00,2023-03-05T10:05:27+02:00,0
y-polek__TransmissionRemote,ThirdParty,2023-03-05T10:05:27+02:00,2025-08-10T23:59:59+00:00,0
yeungeek__monkey-android,Emu_Custom,2016-04-20T12:12:42+08:00,2025-08-10T23:59:59+00:00,0
yogeshpaliyal__KeyPass,Emu_Community,2025-03-31T17:16:20+05:30,2025-08-10T23:59:59+00:00,0
yuriykulikov__AlarmClock,Emu_Custom,2017-06-26T00:13:06+02:00,2021-04-11T23:41:01+02:00,0
yuriykulikov__AlarmClock,Emu_Community,2021-04-11T23:41:01+02:00,2025-08-10T23:59:59+00:00,0
zeref278__flutter_boilerplate,Emu_Community,2023-05-25T03:17:29+07:00,2025-08-10T23:59:59+00:00,0
zimly__zimly-backup,Emu_Community,2024-05-18T20:07:09+02:00,2025-08-10T23:59:59+00:00,0
zkmopro__mopro,Emu_Community,2025-03-06T01:35:09+08:00,2025-08-10T23:59:59+00:00,0
zoff99__ToxAndroidRefImpl,Emu_Custom,2017-04-29T13:57:39+02:00,2020-12-20T17:43:54+01:00,0
zoff99__ToxAndroidRefImpl,Emu_Community,2020-12-20T17:43:54+01:00,2025-08-10T23:59:59+00:00,0
zsoltk__GameOfLife,Emu_Custom,2015-03-16T23:00:04+01:00,2025-08-10T23:59:59+00:00,0
