repo,style,start,end,duration_days,changes,changes_per_100d
4eRTuk__audioview,Emu_Custom,2019-04-18T13:57:38+03:00,2025-08-10T23:59:59+00:00,2306.543298611111,0,0.0
a-mabe__OpenHIIT,Emu_Custom,2025-01-01T10:55:09-05:00,2025-01-03T09:16:09-05:00,1.93125,0,0.0
a-mabe__OpenHIIT,Emu_Community,2025-01-03T09:16:09-05:00,2025-05-14T19:29:41-04:00,131.38439814814814,0,0.0
a-mabe__OpenHIIT,Emu_Custom,2025-05-14T19:29:41-04:00,2025-05-25T21:01:47-04:00,11.063958333333334,0,0.0
a-mabe__OpenHIIT,Emu_Community,2025-05-25T21:01:47-04:00,2025-06-10T20:09:19-04:00,15.963564814814815,0,0.0
a-mabe__OpenHIIT,Emu_Custom,2025-06-10T20:09:19-04:00,2025-06-11T20:09:53-04:00,1.0003935185185184,0,0.0
a-mabe__OpenHIIT,Emu_Community,2025-06-11T20:09:53-04:00,2025-08-10T23:59:59+00:00,59.993125,0,0.0
a914-gowtham__compose-ratingbar,Emu_Custom,2021-07-02T22:22:09+05:30,2025-08-10T23:59:59+00:00,1500.2971064814815,0,0.0
AAkira__ExpandableLayout,Emu_Custom,2016-02-09T23:50:39+09:00,2025-08-10T23:59:59+00:00,3470.3814814814814,0,0.0
abdelaziz-mahdy__pytorch_lite,Emu_Community,2023-07-29T14:49:02+03:00,2025-08-10T23:59:59+00:00,743.5076041666666,0,0.0
ably__ably-flutter,Emu_Community,2020-11-04T22:21:10+05:30,2025-08-10T23:59:59+00:00,1740.2977893518519,0,0.0
AChep__AcDisplay,Emu_Custom,2014-07-22T19:23:35+03:00,2025-08-10T23:59:59+00:00,4037.3169444444443,0,0.0
ActivityWatch__aw-android,Emu_Custom,2022-11-24T19:40:49+01:00,2025-08-10T23:59:59+00:00,990.2216435185185,0,0.0
AdamMc331__AndroidStudyGuide,Emu_Community,2021-02-17T20:02:44-05:00,2025-08-10T23:59:59+00:00,1634.9564236111112,0,0.0
AdevintaSpain__Barista,Emu_Custom,2017-01-10T19:18:59+01:00,2020-06-02T11:03:57+02:00,1238.6145601851852,0,0.0
AdevintaSpain__Barista,Emu_Community,2020-06-02T11:03:57+02:00,2025-08-10T23:59:59+00:00,1895.6222453703704,0,0.0
admob-plus__admob-plus,Emu_Custom,2018-06-19T01:53:17+08:00,2020-10-18T15:12:17+08:00,852.5548611111111,0,0.0
admob-plus__admob-plus,Emu_Community,2020-10-18T15:12:17+08:00,2025-08-10T23:59:59+00:00,1757.6997916666667,0,0.0
adorsys__secure-storage-android,Emu_Custom,2017-09-14T11:48:11+02:00,2020-01-21T23:14:29+01:00,859.5182638888889,0,0.0
adorsys__secure-storage-android,Emu_Community,2020-01-21T23:14:29+01:00,2025-08-10T23:59:59+00:00,2028.073263888889,0,0.0
agoda-com__ninjato,ThirdParty,2019-04-04T11:34:11+07:00,2025-08-10T23:59:59+00:00,2320.809583333333,0,0.0
airbnb__paris,Emu_Custom,2021-09-18T12:34:39-05:00,2022-01-07T18:24:18-08:00,111.3678125,0,0.0
airbnb__paris,Emu_Community,2022-01-07T18:24:18-08:00,2025-08-10T23:59:59+00:00,1310.8997800925927,0,0.0
ajitsing__ExpenseManager,Emu_Community,2021-02-03T19:22:26+05:30,2025-08-10T23:59:59+00:00,1649.4219097222222,0,0.0
Albert221__FastShopping,Emu_Community,2021-01-30T17:00:28+01:00,2025-08-10T23:59:59+00:00,1653.332997685185,0,0.0
alexbakker__webdav-provider,Emu_Community,2021-09-05T16:15:43+02:00,2025-08-10T23:59:59+00:00,1435.4057407407408,0,0.0
alexstyl__contactstore,Emu_Community,2022-01-06T17:21:35+02:00,2025-08-10T23:59:59+00:00,1312.36,0,0.0
alphacep__vosk-flutter,Emu_Community,2023-03-03T00:39:50+03:00,2025-08-10T23:59:59+00:00,892.0973263888889,0,0.0
am15h__tflite_flutter_helper,Emu_Community,2020-06-30T00:59:29+05:30,2025-08-10T23:59:59+00:00,1868.1878472222222,0,0.0
amahi__android,Emu_Custom,2020-08-13T01:41:32+05:30,2025-08-10T23:59:59+00:00,1824.1586458333334,0,0.0
amitshekhariitbhu__Fast-Android-Networking,Emu_Custom,2016-04-30T00:14:38+05:30,2025-08-10T23:59:59+00:00,3390.2189930555555,0,0.0
AndBible__and-bible,GMD,2023-05-31T18:52:06+03:00,2023-06-01T11:11:52+03:00,0.6803935185185185,0,0.0
AndBible__and-bible,Emu_Community,2023-06-01T11:11:52+03:00,2025-08-10T23:59:59+00:00,801.6584143518519,0,0.0
AndBible__and-bible,GMD,2023-06-01T11:11:52+03:00,2025-08-10T23:59:59+00:00,801.6584143518519,0,0.0
AndProx__AndProx,Emu_Custom,2018-09-09T14:29:19+10:00,2025-08-10T23:59:59+00:00,2527.812962962963,0,0.0
andremion__Villains-and-Heroes,Emu_Custom,2016-09-25T13:05:04+01:00,2025-08-10T23:59:59+00:00,3241.4964699074076,0,0.0
andreynovikov__trekarta,Emu_Community,2019-11-28T11:46:13+03:00,2025-08-10T23:59:59+00:00,2082.6345601851854,0,0.0
andriydruk__swift-weather-app,Emu_Custom,2020-06-06T00:12:01+03:00,2025-08-10T23:59:59+00:00,1892.1166435185185,0,0.0
android__codelab-android-compose,Emu_Community,2020-11-12T11:33:58+01:00,2025-08-10T23:59:59+00:00,1732.5597337962963,0,0.0
android__nowinandroid,ThirdParty,2022-01-27T13:56:35+01:00,2022-05-12T18:20:23+02:00,105.14152777777778,0,0.0
android__nowinandroid,Emu_Community,2022-05-12T18:20:23+02:00,2022-11-02T10:21:30+00:00,173.75077546296296,0,0.0
android__nowinandroid,ThirdParty,2022-05-12T18:20:23+02:00,2022-11-02T10:21:30+00:00,173.75077546296296,0,0.0
android__nowinandroid,Emu_Community,2022-11-02T10:21:30+00:00,2023-10-03T18:53:28+01:00,335.31386574074077,0,0.0
android__nowinandroid,GMD,2022-11-02T10:21:30+00:00,2023-10-03T18:53:28+01:00,335.31386574074077,0,0.0
android__nowinandroid,ThirdParty,2022-11-02T10:21:30+00:00,2023-10-03T18:53:28+01:00,335.31386574074077,0,0.0
android__nowinandroid,Emu_Community,2023-10-03T18:53:28+01:00,2025-08-10T23:59:59+00:00,677.254525462963,0,0.0
android__nowinandroid,ThirdParty,2023-10-03T18:53:28+01:00,2025-08-10T23:59:59+00:00,677.254525462963,0,0.0
anilbeesetti__nextplayer,Emu_Community,2023-02-20T15:22:49+05:30,2025-08-10T23:59:59+00:00,902.5883101851852,0,0.0
anjlab__android-inapp-billing-v3,Emu_Custom,2017-01-23T09:38:30+03:00,2021-11-18T16:54:34+03:00,1760.3028240740741,0,0.0
anjlab__android-inapp-billing-v3,Emu_Community,2021-11-18T16:54:34+03:00,2025-08-10T23:59:59+00:00,1361.4204282407406,0,0.0
ankidroid__Anki-Android,Emu_Custom,2013-06-20T08:12:51+01:00,2022-04-24T13:15:19-05:00,3230.4600462962962,0,0.0
ankidroid__Anki-Android,Emu_Community,2022-04-24T13:15:19-05:00,2025-08-10T23:59:59+00:00,1204.2393518518518,0,0.0
AntennaPod__AntennaPod,Emu_Custom,2014-05-18T22:12:08+02:00,2019-12-12T09:47:15+01:00,2033.524386574074,0,0.0
AntennaPod__AntennaPod,Emu_Community,2019-12-12T09:47:15+01:00,2025-08-10T23:59:59+00:00,2068.6338425925924,0,0.0
appmattus__layercache,Emu_Custom,2017-10-23T13:09:56+01:00,2020-07-16T16:09:41+01:00,997.1248263888889,0,0.0
appmattus__layercache,Emu_Community,2020-07-16T16:09:41+01:00,2025-08-10T23:59:59+00:00,1851.3682638888888,0,0.0
arkivanov__android-dev-challenge-compose-2,Emu_Community,2021-03-07T21:06:38+00:00,2025-08-10T23:59:59+00:00,1617.1203819444445,0,0.0
aws__amazon-ivs-react-native-player,Emu_Custom,2021-10-26T15:34:23+02:00,2025-08-10T23:59:59+00:00,1384.4344444444444,0,0.0
Bdaya-Dev__oidc,Emu_Community,2023-08-24T21:15:00+03:00,2025-08-10T23:59:59+00:00,717.2395717592592,0,0.0
beemdevelopment__Aegis,Emu_Custom,2020-06-10T16:15:52+02:00,2022-06-06T19:06:42+02:00,726.1186342592592,0,0.0
beemdevelopment__Aegis,Emu_Community,2022-06-06T19:06:42+02:00,2025-08-10T23:59:59+00:00,1161.2870023148148,0,0.0
bilibili__boxing,Emu_Custom,2017-02-04T16:04:36+08:00,2025-08-10T23:59:59+00:00,3109.663460648148,0,0.0
bitfireAT__davx5-ose,Emu_Custom,2021-11-07T21:18:08+01:00,2023-04-12T11:39:32+02:00,520.5565277777778,0,0.0
bitfireAT__davx5-ose,Emu_Community,2023-04-12T11:39:32+02:00,2024-03-01T20:15:45+01:00,324.400150462963,0,0.0
bitfireAT__davx5-ose,GMD,2024-03-01T20:15:45+01:00,2025-08-10T23:59:59+00:00,527.1973842592593,0,0.0
bitfireAT__icsx5,Emu_Custom,2022-02-16T18:20:47+01:00,2023-03-31T13:10:46+02:00,407.7430439814815,0,0.0
bitfireAT__icsx5,Emu_Community,2023-03-31T13:10:46+02:00,2025-08-10T23:59:59+00:00,863.5341782407407,0,0.0
blazsolar__android-collapse-calendar-view,Emu_Custom,2014-07-16T12:03:36+02:00,2025-08-10T23:59:59+00:00,4043.5808217592594,0,0.0
BlueWallet__BlueWallet,Emu_Custom,2020-03-17T08:40:11+00:00,2020-06-29T17:57:16+01:00,104.34519675925925,0,0.0
BlueWallet__BlueWallet,Emu_Community,2020-06-29T17:57:16+01:00,2024-03-01T20:16:58-04:00,1341.3053472222223,1,0.07455423942586609
BlueWallet__BlueWallet,Emu_Community,2024-03-01T20:16:58-04:00,2024-03-03T08:21:41-04:00,1.503275462962963,0,0.0
BlueWallet__BlueWallet,ThirdParty,2024-03-01T20:16:58-04:00,2024-03-03T08:21:41-04:00,1.503275462962963,0,0.0
BlueWallet__BlueWallet,Emu_Community,2024-03-03T08:21:41-04:00,2024-03-03T09:32:49-04:00,0.04939814814814815,0,0.0
BlueWallet__BlueWallet,Emu_Community,2024-03-03T09:32:49-04:00,2024-03-30T05:28:04-04:00,26.830034722222223,0,0.0
BlueWallet__BlueWallet,ThirdParty,2024-03-03T09:32:49-04:00,2024-03-30T05:28:04-04:00,26.830034722222223,0,0.0
BlueWallet__BlueWallet,Emu_Community,2024-03-30T05:28:04-04:00,2025-08-10T23:59:59+00:00,498.6054976851852,0,0.0
brandonp2412__FitBook,Emu_Custom,2024-05-14T18:43:17+12:00,2025-07-23T15:15:18+12:00,434.8555671296296,0,0.0
brandonp2412__FitBook,Emu_Community,2025-07-23T15:15:18+12:00,2025-08-10T23:59:59+00:00,18.864363425925927,0,0.0
brarcher__video-transcoder,Emu_Custom,2018-04-02T13:47:15-04:00,2025-08-10T23:59:59+00:00,2687.2588425925924,0,0.0
burnoo__cokoin,Emu_Community,2021-11-01T17:39:54+01:00,2025-08-10T23:59:59+00:00,1378.305613425926,0,0.0
CarlosMChica__easyrecycleradapters,Emu_Custom,2016-02-05T18:54:13+00:00,2025-08-10T23:59:59+00:00,3474.212337962963,0,0.0
cashapp__paraphrase,Emu_Community,2023-02-03T15:12:25-05:00,2025-08-10T23:59:59+00:00,919.1580324074074,0,0.0
CatimaLoyalty__Android,Emu_Custom,2016-01-30T20:36:10-05:00,2024-08-14T20:09:46+02:00,3118.69,0,0.0
CatimaLoyalty__Android,Emu_Community,2024-08-14T20:09:46+02:00,2025-08-10T23:59:59+00:00,361.2432060185185,0,0.0
cgeo__cgeo,Emu_Community,2024-04-14T21:06:45+02:00,2025-07-06T17:01:44+02:00,447.82984953703703,0,0.0
cgeo__cgeo,Emu_Community,2025-07-06T17:01:44+02:00,2025-07-06T19:26:43+02:00,0.10068287037037037,0,0.0
cgeo__cgeo,ThirdParty,2025-07-06T17:01:44+02:00,2025-07-06T19:26:43+02:00,0.10068287037037037,0,0.0
cgeo__cgeo,Emu_Community,2025-07-06T19:26:43+02:00,2025-07-06T19:31:36+02:00,0.0033912037037037036,0,0.0
cgeo__cgeo,Emu_Community,2025-07-06T19:31:36+02:00,2025-07-07T21:24:13+02:00,1.0782060185185185,0,0.0
cgeo__cgeo,ThirdParty,2025-07-06T19:31:36+02:00,2025-07-07T21:24:13+02:00,1.0782060185185185,0,0.0
cgeo__cgeo,Emu_Community,2025-07-07T21:24:13+02:00,2025-08-10T23:59:59+00:00,34.19150462962963,0,0.0
charpeni__react-native-url-polyfill,Emu_Community,2023-12-23T08:35:43-05:00,2025-08-10T23:59:59+00:00,596.4335185185186,0,0.0
chenxiaolong__RSAF,Emu_Community,2024-07-19T21:55:34-04:00,2025-08-10T23:59:59+00:00,386.91973379629627,0,0.0
cliqz-oss__browser-android,Emu_Custom,2018-02-14T16:01:42+01:00,2025-08-10T23:59:59+00:00,2734.3738078703705,0,0.0
cloudinary__cloudinary_android,Emu_Custom,2017-11-15T13:45:04+02:00,2025-08-10T23:59:59+00:00,2825.5103587962963,0,0.0
coil-kt__coil,Emu_Community,2019-12-07T15:58:33-08:00,2022-11-29T14:21:36-08:00,1087.932673611111,0,0.0
coil-kt__coil,Emu_Community,2022-11-29T14:21:36-08:00,2025-08-10T23:59:59+00:00,985.0683217592592,0,0.0
coil-kt__coil,GMD,2022-11-29T14:21:36-08:00,2025-08-10T23:59:59+00:00,985.0683217592592,0,0.0
commons-app__apps-android-commons,Emu_Custom,2016-07-16T14:50:51+09:00,2022-02-18T16:18:29+10:00,2043.0191898148148,0,0.0
commons-app__apps-android-commons,Emu_Community,2022-02-18T16:18:29+10:00,2025-08-10T23:59:59+00:00,1269.7371527777777,0,0.0
concretesolutions__canarinho,Emu_Custom,2015-06-27T23:39:31-03:00,2021-02-01T20:38:32-03:00,2045.8743171296296,0,0.0
concretesolutions__canarinho,Emu_Community,2021-02-01T20:38:32-03:00,2025-08-10T23:59:59+00:00,1651.0148958333334,0,0.0
connectbot__connectbot,Emu_Custom,2016-06-02T21:31:19-07:00,2021-02-27T13:24:02-08:00,1730.703275462963,0,0.0
connectbot__connectbot,Emu_Community,2021-02-27T13:24:02-08:00,2025-08-10T23:59:59+00:00,1625.1082986111112,0,0.0
Crazy-Marvin__MetadataRemover,Emu_Custom,2018-01-10T18:29:09+01:00,2019-12-17T02:46:48+01:00,705.3455902777778,0,0.0
Crazy-Marvin__MetadataRemover,Emu_Community,2019-12-17T02:46:48+01:00,2025-08-10T23:59:59+00:00,2063.925821759259,0,0.0
Criptext__Android-Email-Client,ThirdParty,2019-02-13T11:21:47-05:00,2025-08-10T23:59:59+00:00,2370.3181944444445,0,0.0
cuongpm__youtube-dl-android,ThirdParty,2019-02-02T17:43:32+07:00,2025-08-10T23:59:59+00:00,2381.5530902777778,0,0.0
CypherpunkArmory__UserLAnd,ThirdParty,2018-07-25T16:31:25-07:00,2025-08-10T23:59:59+00:00,2573.019837962963,0,0.0
dart-lang__http,Emu_Community,2022-08-18T13:50:03-07:00,2025-08-10T23:59:59+00:00,1088.1318981481481,0,0.0
dart-lang__native,Emu_Community,2025-04-15T18:54:47+02:00,2025-08-10T23:59:59+00:00,117.29527777777778,0,0.0
dbrodie__AdBuster,Emu_Custom,2016-08-14T20:39:52+03:00,2025-08-10T23:59:59+00:00,3283.2639699074075,0,0.0
DesarrolloAntonio__Shiori-Android-Client,Emu_Community,2024-06-14T17:18:54+02:00,2025-08-10T23:59:59+00:00,422.36186342592595,0,0.0
dgngulcan__droid-feed,Emu_Community,2020-05-09T18:31:05-04:00,2025-08-10T23:59:59+00:00,1919.061736111111,0,0.0
dlew__joda-time-android,Emu_Custom,2015-07-25T11:12:32-05:00,2021-10-09T12:24:40-05:00,2268.0500925925926,0,0.0
dlew__joda-time-android,Emu_Community,2021-10-09T12:24:40-05:00,2025-08-10T23:59:59+00:00,1401.2745254629629,0,0.0
dmfs__opentasks,Emu_Custom,2017-10-19T11:45:28+02:00,2025-08-10T23:59:59+00:00,2852.593414351852,0,0.0
doublesymmetry__KotlinAudio,Emu_Community,2021-08-26T15:31:40+02:00,2025-08-10T23:59:59+00:00,1445.4363310185186,0,0.0
douzifly__clear-todolist,Emu_Custom,2015-10-13T13:36:57+08:00,2025-08-10T23:59:59+00:00,3589.7659953703705,0,0.0
droidconKE__droidconKeKotlin,Emu_Community,2024-06-14T09:46:43+00:00,2025-08-10T23:59:59+00:00,422.5925462962963,0,0.0
DroidKaigi__conference-app-2020,Emu_Custom,2020-01-17T02:55:16+09:00,2020-01-17T16:12:36+09:00,0.5537037037037037,0,0.0
DroidKaigi__conference-app-2020,Emu_Community,2020-01-17T16:12:36+09:00,2025-08-10T23:59:59+00:00,2032.6995717592592,0,0.0
DroidKaigi__conference-app-2022,Emu_Community,2022-07-10T19:00:06+09:00,2022-10-03T11:01:59+09:00,84.66797453703704,0,0.0
DroidKaigi__conference-app-2022,GMD,2022-10-03T11:01:59+09:00,2025-08-10T23:59:59+00:00,1042.9152777777779,0,0.0
elftausend__custos,Emu_Community,2023-09-18T22:34:58+02:00,2025-08-10T23:59:59+00:00,692.1423726851851,0,0.0
EnsembleUI__ensemble,Emu_Community,2023-03-03T15:00:37-08:00,2024-07-18T16:05:00-07:00,503.0030439814815,0,0.0
EnsembleUI__ensemble,Emu_Community,2024-07-18T16:05:00-07:00,2024-07-25T18:14:46+05:30,6.569282407407408,0,0.0
EnsembleUI__ensemble,ThirdParty,2024-07-18T16:05:00-07:00,2024-07-25T18:14:46+05:30,6.569282407407408,0,0.0
EnsembleUI__ensemble,Emu_Community,2024-07-25T18:14:46+05:30,2025-08-10T23:59:59+00:00,381.46890046296295,0,0.0
ErickSumargo__Dads,Emu_Community,2021-03-08T13:38:07+07:00,2025-08-10T23:59:59+00:00,1616.7235185185186,0,0.0
erkkah__naett,Emu_Community,2021-12-12T22:53:11+01:00,2025-08-10T23:59:59+00:00,1337.0880555555555,0,0.0
EvanRespaut__Equate,Emu_Custom,2017-01-14T18:28:19-05:00,2025-08-10T23:59:59+00:00,3130.021990740741,0,0.0
EventFahrplan__EventFahrplan,Emu_Community,2022-02-14T07:50:25+01:00,2025-08-10T23:59:59+00:00,1273.7149768518518,0,0.0
evilcorpltd__aTox,Emu_Community,2020-06-08T00:54:35+02:00,2025-08-10T23:59:59+00:00,1890.0454166666666,0,0.0
f-arslan__GptMap,Emu_Community,2024-02-17T20:55:35+03:00,2025-08-10T23:59:59+00:00,540.2530555555555,0,0.0
FabianTerhorst__Floppy,Emu_Custom,2016-09-22T17:16:58+02:00,2025-08-10T23:59:59+00:00,3244.3632060185187,0,0.0
FabianTerhorst__Iron,Emu_Custom,2015-12-27T01:25:42+01:00,2025-08-10T23:59:59+00:00,3514.9821412037036,0,0.0
Faltenreich__Diaguard,Emu_Community,2023-10-05T20:42:37+02:00,2025-08-10T23:59:59+00:00,675.2203935185186,0,0.0
federicoiosue__Omni-Notes,Emu_Custom,2015-02-17T01:13:10+01:00,2020-07-28T12:14:26+02:00,1988.4175462962962,0,0.0
federicoiosue__Omni-Notes,Emu_Community,2020-07-28T12:14:26+02:00,2025-08-10T23:59:59+00:00,1839.573298611111,0,0.0
fewlaps__flone-android,Emu_Custom,2015-09-16T00:44:43+02:00,2025-08-10T23:59:59+00:00,3617.0522685185183,0,0.0
firebase__FirebaseUI-Flutter,Emu_Custom,2023-10-05T14:29:48+02:00,2023-11-10T21:29:10+01:00,36.33289351851852,0,0.0
firebase__FirebaseUI-Flutter,Emu_Community,2023-11-10T21:29:10+01:00,2025-08-10T23:59:59+00:00,639.146400462963,0,0.0
Five-Prayers__five-prayers-android,Emu_Community,2021-03-30T21:58:21+02:00,2025-08-10T23:59:59+00:00,1594.167800925926,0,0.0
flauschtrud__broccoli,ThirdParty,2020-03-02T20:52:37+01:00,2023-01-16T14:37:25+01:00,1049.7394444444444,0,0.0
flauschtrud__broccoli,GMD,2023-01-16T14:37:25+01:00,2025-08-10T23:59:59+00:00,937.432337962963,0,0.0
flet-dev__serious-python,Emu_Custom,2023-10-31T16:01:48-07:00,2025-08-10T23:59:59+00:00,649.0404050925926,0,0.0
FliegendeWurst__TriliumDroid,GMD,2025-01-16T21:52:40+01:00,2025-08-10T23:59:59+00:00,206.13008101851852,0,0.0
fluttercommunity__flutter_workmanager,Emu_Community,2021-07-26T09:28:00+01:00,2025-08-10T23:59:59+00:00,1476.647210648148,0,0.0
fornewid__naver-map-compose,Emu_Community,2022-05-17T22:27:50+09:00,2025-08-10T23:59:59+00:00,1181.4389930555556,0,0.0
fossasia__loklak_wok_android,Emu_Custom,2017-08-30T09:50:40+02:00,2025-08-10T23:59:59+00:00,2902.673136574074,0,0.0
fossasia__phimpme-android,Emu_Custom,2016-08-15T10:08:37+02:00,2025-08-10T23:59:59+00:00,3282.660671296296,0,0.0
freeotp__freeotp-android,Emu_Community,2023-09-05T16:26:33-04:00,2025-08-10T23:59:59+00:00,705.1482175925926,0,0.0
GabrielBB__Android-CutOut,Emu_Custom,2018-12-04T21:23:30-04:00,2025-08-10T23:59:59+00:00,2440.942002314815,0,0.0
gdky005__AndroidBadge,Emu_Custom,2017-04-27T19:54:38+08:00,2025-08-10T23:59:59+00:00,3027.5037152777777,0,0.0
gemwalletcom__gem-android,Emu_Community,2024-06-03T19:26:28+09:00,2025-08-10T23:59:59+00:00,433.5649421296296,0,0.0
GerardPaligot__android-countdown,Emu_Community,2021-03-03T20:55:04+01:00,2025-08-10T23:59:59+00:00,1621.1700810185184,0,0.0
getodk__collect,Emu_Custom,2017-03-16T13:01:00-04:00,2017-11-15T13:19:42-08:00,244.1796527777778,0,0.0
getodk__collect,ThirdParty,2017-11-15T13:19:42-08:00,2025-08-10T23:59:59+00:00,2825.11130787037,0,0.0
getsentry__sentry-react-native,Emu_Community,2020-08-20T20:27:38+07:00,2025-08-10T23:59:59+00:00,1816.4391319444444,0,0.0
glpi-project__android-inventory-agent,Emu_Custom,2017-09-01T11:33:04-04:00,2018-08-02T11:09:45-04:00,334.98380787037036,0,0.0
glpi-project__android-inventory-agent,ThirdParty,2018-08-02T11:09:45-04:00,2025-08-10T23:59:59+00:00,2565.3682175925924,0,0.0
google__jetpack-camera-app,GMD,2024-03-25T18:42:31-07:00,2025-08-10T23:59:59+00:00,502.9287962962963,0,0.0
gotev__android-cookie-store,Emu_Community,2020-11-27T07:16:26+01:00,2025-08-10T23:59:59+00:00,1717.738576388889,0,0.0
gotev__android-speech,Emu_Community,2020-11-27T07:14:29+01:00,2025-08-10T23:59:59+00:00,1717.7399305555555,0,0.0
greenaddress__abcore,Emu_Custom,2016-01-23T00:24:41+01:00,2025-08-10T23:59:59+00:00,3488.024513888889,0,0.0
grote__Transportr,Emu_Custom,2017-10-07T09:52:38-03:00,2021-05-30T14:48:48-03:00,1331.2056712962963,0,0.0
grote__Transportr,Emu_Community,2021-05-30T14:48:48-03:00,2025-08-10T23:59:59+00:00,1533.2577662037038,0,0.0
guardianproject__proofmode-android,Emu_Custom,2017-02-24T00:33:38-05:00,2025-08-10T23:59:59+00:00,3089.7682986111113,0,0.0
guolindev__android-dev-challenge-compose,Emu_Community,2021-02-25T21:38:31+08:00,2025-08-10T23:59:59+00:00,1627.431574074074,0,0.0
H-PixelDroid__PixelDroid,Emu_Custom,2020-02-28T00:41:05+01:00,2022-07-26T17:54:13+02:00,879.675787037037,0,0.0
H-PixelDroid__PixelDroid,GMD,2022-07-26T17:54:13+02:00,2025-08-10T23:59:59+00:00,1111.337337962963,0,0.0
haiyangwu__mediasoup-client-android,Emu_Custom,2020-02-10T00:04:13+08:00,2025-08-10T23:59:59+00:00,2009.3303935185186,0,0.0
hannesa2__panoramaGL,Emu_Community,2023-05-01T07:53:54+02:00,2025-08-10T23:59:59+00:00,832.7542245370371,0,0.0
hannesstruss__unearthed,Emu_Community,2020-02-15T13:24:13+01:00,2025-08-10T23:59:59+00:00,2003.4831712962964,0,0.0
haqq-network__haqq-wallet,Emu_Community,2024-01-05T08:50:42+00:00,2025-08-10T23:59:59+00:00,583.6314467592592,0,0.0
haroldadmin__MoonShot,Emu_Custom,2019-05-29T00:42:14+05:30,2020-01-01T11:19:02+05:30,217.44222222222223,0,0.0
haroldadmin__MoonShot,Emu_Community,2020-01-01T11:19:02+05:30,2025-08-10T23:59:59+00:00,2048.7576041666666,0,0.0
hitherejoe__HackerNewsReader,Emu_Custom,2015-05-18T16:06:30+01:00,2025-08-10T23:59:59+00:00,3737.370474537037,0,0.0
hitherejoe__minimise,Emu_Community,2020-08-01T06:42:47+01:00,2025-08-10T23:59:59+00:00,1835.7619444444445,0,0.0
hitherejoe__MVVM_Hacker_News,Emu_Custom,2015-05-18T16:06:30+01:00,2025-08-10T23:59:59+00:00,3737.370474537037,0,0.0
Hny0305Lin__NLChat,Emu_Community,2024-07-08T05:16:37+08:00,2025-08-10T23:59:59+00:00,399.1134490740741,0,0.0
hoc081098__ViewBindingDelegate,Emu_Community,2020-09-09T01:42:13+07:00,2025-08-10T23:59:59+00:00,1797.2206712962964,0,0.0
HYY-yu__TableRecyclerView,Emu_Custom,2017-10-16T11:43:48+08:00,2025-08-10T23:59:59+00:00,2855.8445717592595,0,0.0
ianthetechie__uniffi-starter,Emu_Community,2024-10-03T11:06:51+09:00,2025-08-10T23:59:59+00:00,311.91189814814817,0,0.0
ICBNetwork__web3-Wallet,ThirdParty,2024-05-10T13:40:47+03:00,2025-08-10T23:59:59+00:00,457.555,0,0.0
ice-blockchain__mobile-app,Emu_Community,2023-03-23T09:46:39+02:00,2025-08-10T23:59:59+00:00,871.675925925926,0,0.0
inaturalist__iNaturalistAndroid,Emu_Community,2021-09-08T09:45:03-07:00,2025-08-10T23:59:59+00:00,1432.302037037037,0,0.0
inaturalist__iNaturalistReactNative,Emu_Custom,2022-12-14T17:58:31+01:00,2024-06-16T13:56:11+02:00,549.7900462962963,0,0.0
inaturalist__iNaturalistReactNative,Emu_Community,2024-06-16T13:56:11+02:00,2024-06-19T10:23:23+02:00,2.852222222222222,0,0.0
inaturalist__iNaturalistReactNative,Emu_Custom,2024-06-19T10:23:23+02:00,2025-08-10T23:59:59+00:00,417.6504166666667,0,0.0
invertase__notifee,Emu_Custom,2020-12-28T19:08:36-05:00,2024-04-09T14:23:10-05:00,1197.8017824074075,0,0.0
invertase__notifee,Emu_Community,2024-04-09T14:23:10-05:00,2025-08-10T23:59:59+00:00,488.1922337962963,0,0.0
invertase__react-native-google-mobile-ads,Emu_Custom,2021-04-22T18:25:51-05:00,2022-04-27T14:48:44-05:00,369.84922453703706,0,0.0
invertase__react-native-google-mobile-ads,Emu_Community,2022-04-27T14:48:44-05:00,2025-08-10T23:59:59+00:00,1201.1744791666667,0,0.0
ipfs-shipyard__gomobile-ipfs,Emu_Custom,2020-03-13T20:47:42+01:00,2025-08-10T23:59:59+00:00,1976.1751967592593,0,0.0
irgaly__kfswatch,GMD,2023-03-14T23:36:39+09:00,2023-03-15T03:30:13+09:00,0.16219907407407408,0,0.0
irgaly__kfswatch,Emu_Community,2023-03-15T03:30:13+09:00,2025-08-10T23:59:59+00:00,880.2290046296297,0,0.0
irgaly__kfswatch,GMD,2023-03-15T03:30:13+09:00,2025-08-10T23:59:59+00:00,880.2290046296297,0,0.0
isar__isar,Emu_Community,2021-03-18T23:10:04+01:00,2022-11-12T19:23:41+01:00,603.8427893518518,0,0.0
isar__isar,ThirdParty,2022-11-12T19:23:41+01:00,2023-07-23T01:56:53+02:00,252.2313888888889,0,0.0
isar__isar,Emu_Community,2023-07-23T01:56:53+02:00,2024-05-19T20:39:51+02:00,301.779837962963,0,0.0
isar__isar,ThirdParty,2023-07-23T01:56:53+02:00,2024-05-19T20:39:51+02:00,301.779837962963,0,0.0
isar__isar,ThirdParty,2024-05-19T20:39:51+02:00,2025-08-10T23:59:59+00:00,448.2223148148148,0,0.0
ivnsch__rust_android_ios,Emu_Community,2021-01-02T18:15:53+01:00,2025-08-10T23:59:59+00:00,1681.280625,0,0.0
izderadicka__audioserve-android,Emu_Custom,2018-04-23T09:34:36+02:00,2025-08-10T23:59:59+00:00,2666.6842939814815,0,0.0
JackEblan__Geto,Emu_Community,2024-01-01T21:03:26+08:00,2025-08-10T23:59:59+00:00,587.4559375,0,0.0
JakeWharton__RxBinding,Emu_Custom,2015-04-29T00:54:30-04:00,2020-05-21T17:41:22+10:00,1849.1158796296297,0,0.0
JakeWharton__RxBinding,Emu_Community,2020-05-21T17:41:22+10:00,2025-08-10T23:59:59+00:00,1907.6795949074074,0,0.0
jameshnsears__QuoteUnquote,Emu_Community,2021-03-26T20:37:39+02:00,2025-08-10T23:59:59+00:00,1598.2238425925925,0,0.0
jaredsburrows__android-gif-search,Emu_Custom,2016-09-25T16:21:58-07:00,2020-11-16T19:10:01-05:00,1513.0333680555555,0,0.0
jaredsburrows__android-gif-search,Emu_Community,2020-11-16T19:10:01-05:00,2025-08-10T23:59:59+00:00,1727.9930324074073,0,0.0
javiersantos__PiracyChecker,Emu_Custom,2018-01-13T18:33:53+01:00,2025-08-10T23:59:59+00:00,2766.268125,0,0.0
jerryOkafor__TimeLineView,Emu_Custom,2018-01-05T14:56:57+01:00,2025-08-10T23:59:59+00:00,2774.4187731481484,0,0.0
jerson__flutter-openpgp,Emu_Community,2021-12-04T20:48:14-05:00,2025-08-10T23:59:59+00:00,1344.924826388889,0,0.0
jerson__flutter-rsa,Emu_Community,2021-12-04T19:59:36-05:00,2025-08-10T23:59:59+00:00,1344.9585995370371,0,0.0
jeziellago__Linkt,Emu_Community,2021-02-01T23:24:51-03:00,2025-08-10T23:59:59+00:00,1650.899398148148,0,0.0
jianjunxiao__NiceVieoPlayer,Emu_Custom,2017-07-12T10:39:10+08:00,2025-08-10T23:59:59+00:00,2951.8894560185186,0,0.0
jimmod__ShareToComputer,Emu_Custom,2019-07-15T13:15:55-04:00,2025-08-10T23:59:59+00:00,2218.2806018518518,0,0.0
JimmyDaddy__react-native-image-marker,Emu_Community,2023-11-29T14:08:12+08:00,2025-08-10T23:59:59+00:00,620.7442939814815,0,0.0
joreilly__PeopleInSpace,Emu_Community,2021-07-10T12:59:27+01:00,2022-09-17T13:24:41+01:00,434.01752314814814,0,0.0
joreilly__PeopleInSpace,Emu_Community,2022-09-17T13:24:41+01:00,2023-05-21T18:44:14+01:00,246.22190972222222,0,0.0
joreilly__PeopleInSpace,GMD,2022-09-17T13:24:41+01:00,2023-05-21T18:44:14+01:00,246.22190972222222,0,0.0
joreilly__PeopleInSpace,Emu_Community,2023-05-21T18:44:14+01:00,2023-05-27T20:42:34+01:00,6.082175925925926,0,0.0
joreilly__PeopleInSpace,Emu_Community,2023-05-27T20:42:34+01:00,2025-08-10T23:59:59+00:00,806.1787615740741,0,0.0
joreilly__PeopleInSpace,GMD,2023-05-27T20:42:34+01:00,2025-08-10T23:59:59+00:00,806.1787615740741,0,0.0
joreilly__StarWars,Emu_Community,2021-12-31T20:30:32+00:00,2025-08-10T23:59:59+00:00,1318.145451388889,0,0.0
juancastillo0__wasm_run,Emu_Community,2023-04-23T12:30:39-05:00,2025-08-10T23:59:59+00:00,840.2703703703704,0,0.0
jungilhan__awesome-blogs-android,Emu_Custom,2017-02-28T00:36:43+09:00,2025-08-10T23:59:59+00:00,3086.3494907407407,0,0.0
kakajika__SwipeAwayDialog,Emu_Custom,2016-05-15T10:32:52+09:00,2025-08-10T23:59:59+00:00,3374.935497685185,0,0.0
karonl__InDoorSurfaceView,Emu_Custom,2016-08-28T21:56:08+08:00,2025-08-10T23:59:59+00:00,3269.419340277778,0,0.0
KaustubhPatange__navigator,Emu_Community,2021-05-11T14:07:21+05:30,2025-08-10T23:59:59+00:00,1552.6407175925926,0,0.0
kebernet__shortyz,Emu_Custom,2017-01-08T21:40:50-05:00,2025-08-10T23:59:59+00:00,3135.888298611111,0,0.0
kickstarter__android-oss,Emu_Custom,2021-07-27T11:50:24-07:00,2021-07-30T13:05:56-07:00,3.0524537037037036,0,0.0
kickstarter__android-oss,Emu_Community,2021-07-30T13:05:56-07:00,2025-08-10T23:59:59+00:00,1472.1625347222223,0,0.0
kost__NetworkMapper,Emu_Custom,2016-08-27T22:31:06+02:00,2025-08-10T23:59:59+00:00,3270.1450578703702,0,0.0
krzdabrowski__android-starter-2022,Emu_Community,2022-10-03T19:30:07+02:00,2025-08-10T23:59:59+00:00,1042.2707407407408,0,0.0
ksoichiro__Android-ObservableScrollView,Emu_Custom,2014-11-09T00:16:43+09:00,2025-08-10T23:59:59+00:00,3928.3633796296294,0,0.0
ksoichiro__AndroidFormEnhancer,Emu_Custom,2014-03-09T20:15:00+09:00,2025-08-10T23:59:59+00:00,4172.531238425926,0,0.0
ksoichiro__SimpleAlertDialog-for-Android,Emu_Custom,2014-03-08T23:35:30+09:00,2025-08-10T23:59:59+00:00,4173.392002314815,0,0.0
kylecorry31__Trail-Sense,Emu_Community,2024-07-21T06:45:31-04:00,2025-08-10T23:59:59+00:00,385.55171296296294,0,0.0
labexp__osmtracker-android,Emu_Custom,2016-01-05T23:34:16+11:00,2024-11-26T22:35:51+01:00,3248.376099537037,0,0.0
labexp__osmtracker-android,Emu_Community,2024-11-26T22:35:51+01:00,2024-11-28T14:41:24+01:00,1.6705208333333332,0,0.0
labexp__osmtracker-android,Emu_Custom,2024-11-28T14:41:24+01:00,2024-11-28T14:48:36+01:00,0.005,0,0.0
labexp__osmtracker-android,Emu_Community,2024-11-28T14:48:36+01:00,2025-08-10T23:59:59+00:00,255.42457175925927,0,0.0
lcdsmao__JetTheme,Emu_Community,2020-11-15T21:10:02+09:00,2025-08-10T23:59:59+00:00,1729.4930208333333,0,0.0
leandroBorgesFerreira__LoadingButtonAndroid,Emu_Custom,2019-01-13T02:16:32-06:00,2025-08-10T23:59:59+00:00,2401.655173611111,0,0.0
LedgerHQ__ledger-live,Emu_Custom,2020-01-13T20:34:01+01:00,2022-12-01T18:03:06+01:00,1052.8951967592593,0,0.0
LedgerHQ__ledger-live,Emu_Community,2022-12-01T18:03:06+01:00,2025-08-10T23:59:59+00:00,983.2895023148149,0,0.0
letelete__sleep-cycle-alarm,Emu_Custom,2018-09-23T12:01:15+02:00,2025-08-10T23:59:59+00:00,2513.582453703704,0,0.0
liangpengfei__LoadingPopPoint,Emu_Custom,2016-02-04T16:30:01+08:00,2025-08-10T23:59:59+00:00,3475.6458101851854,0,0.0
ligi__PassAndroid,Emu_Custom,2014-08-12T21:45:07+02:00,2024-09-26T23:32:38+02:00,3698.074664351852,0,0.0
ligi__PassAndroid,Emu_Community,2024-09-26T23:32:38+02:00,2025-08-10T23:59:59+00:00,318.1023263888889,0,0.0
ligi__SurvivalManual,Emu_Community,2024-02-14T23:22:21+01:00,2025-08-10T23:59:59+00:00,543.0678009259259,0,0.0
liihuu__KLineChartAndroid,Emu_Custom,2019-12-16T20:13:00+08:00,2025-08-10T23:59:59+00:00,2064.4909606481483,0,0.0
linroid__Pexels,GMD,2024-03-31T17:12:19+08:00,2025-08-10T23:59:59+00:00,497.6164351851852,0,0.0
livefront__bridge,Emu_Custom,2020-03-07T11:58:08-06:00,2023-01-12T08:57:31-06:00,1040.8745717592592,0,0.0
livefront__bridge,Emu_Community,2023-01-12T08:57:31-06:00,2025-08-10T23:59:59+00:00,941.376712962963,0,0.0
lolo-io__OneList,Emu_Community,2024-05-20T13:43:15+02:00,2025-08-10T23:59:59+00:00,447.5116203703704,0,0.0
lopspower__PokeCardCompose,Emu_Community,2022-08-17T14:17:37+02:00,2025-08-10T23:59:59+00:00,1089.4877546296295,0,0.0
MackHartley__RoundedProgressBar,Emu_Community,2021-03-25T17:43:27-05:00,2025-08-10T23:59:59+00:00,1599.0531481481482,0,0.0
maksim-m__Popular-Movies-App,Emu_Custom,2016-04-10T00:26:51+02:00,2025-08-10T23:59:59+00:00,3410.0646759259257,0,0.0
mapbox__store-locator-android,ThirdParty,2017-10-10T14:28:45-07:00,2025-08-10T23:59:59+00:00,2861.105023148148,0,0.0
MarcinMoskala__PreferenceHolder,Emu_Custom,2017-02-14T09:23:26+01:00,2025-08-10T23:59:59+00:00,3099.6503819444442,0,0.0
massivedisaster__ADAL,Emu_Custom,2017-05-22T19:36:58+01:00,2025-08-10T23:59:59+00:00,3002.2243171296295,0,0.0
mathisdt__trackworktime,Emu_Community,2022-09-04T21:27:02+02:00,2025-08-10T23:59:59+00:00,1071.1895486111111,0,0.0
maxkeppeler__sheets-compose-dialogs,Emu_Community,2022-10-23T10:49:21+02:00,2025-08-10T23:59:59+00:00,1022.6323842592593,0,0.0
maxpower47__PinDroid,Emu_Custom,2016-04-29T23:32:02+03:00,2025-08-10T23:59:59+00:00,3390.144409722222,0,0.0
medic__cht-gateway,Emu_Custom,2016-04-21T17:04:25+02:00,2021-12-07T10:02:21+01:00,2055.748564814815,0,0.0
medic__cht-gateway,Emu_Community,2021-12-07T10:02:21+01:00,2025-08-10T23:59:59+00:00,1342.6233564814816,0,0.0
MichaelEvans__Aftermath,Emu_Custom,2015-07-30T22:45:34-04:00,2025-08-10T23:59:59+00:00,3663.8850115740743,0,0.0
michaeltroger__pdfwallet-android,Emu_Community,2023-04-27T07:48:21+02:00,2025-08-10T23:59:59+00:00,836.7580787037037,0,0.0
michelelacorte__AndroidAppShortcuts,Emu_Custom,2017-01-23T16:50:06+01:00,2025-08-10T23:59:59+00:00,3121.3401967592595,0,0.0
microservicer__flutter-pipelines,Emu_Community,2023-08-04T16:26:08+02:00,2025-08-10T23:59:59+00:00,737.3985069444444,0,0.0
miguelhincapie__CustomBottomSheetBehavior,Emu_Custom,2018-04-04T13:48:20-05:00,2025-08-10T23:59:59+00:00,2685.216423611111,0,0.0
MikeOrtiz__TouchImageView,Emu_Custom,2018-09-26T22:04:48+02:00,2020-03-01T09:35:43+01:00,521.5214699074074,0,0.0
MikeOrtiz__TouchImageView,Emu_Community,2020-03-01T09:35:43+01:00,2025-08-10T23:59:59+00:00,1988.641851851852,0,0.0
MiSikora__laboratory,Emu_Community,2020-10-14T19:33:45+02:00,2025-08-10T23:59:59+00:00,1761.2682175925927,0,0.0
mjaakko__NeoStumbler,Emu_Community,2024-09-01T21:29:15+03:00,2025-08-10T23:59:59+00:00,343.2296759259259,0,0.0
mlcommons__mobile_app_open,ThirdParty,2021-11-19T09:23:20+07:00,2025-08-10T23:59:59+00:00,1360.900451388889,0,0.0
moezbhatti__qksms,Emu_Custom,2018-01-05T22:16:09-05:00,2025-08-10T23:59:59+00:00,2773.863773148148,0,0.0
MostafaGazar__soas,Emu_Custom,2014-12-29T23:40:46+02:00,2025-08-10T23:59:59+00:00,3877.096678240741,0,0.0
mshdabiola__NotePad,Emu_Community,2023-01-22T16:00:56+01:00,2025-08-10T23:59:59+00:00,931.3743402777778,0,0.0
n8ebel__GitHubActionsAutomationSandbox,Emu_Community,2020-09-24T04:15:39-07:00,2025-08-10T23:59:59+00:00,1781.530787037037,0,0.0
Nailik__rhasspy_mobile,Emu_Community,2022-06-06T17:46:41+02:00,2025-08-10T23:59:59+00:00,1161.3425694444445,0,0.0
nanihadesuka__NovelDokusha,Emu_Community,2024-04-12T20:45:54+02:00,2025-08-10T23:59:59+00:00,485.21811342592594,0,0.0
natario1__GIFCompressor,Emu_Community,2019-12-23T13:03:22+01:00,2025-08-10T23:59:59+00:00,2057.497650462963,0,0.0
natsuk4ze__gal,Emu_Community,2023-06-11T19:12:29+09:00,2025-07-20T00:28:32+09:00,769.2194791666667,0,0.0
natsuk4ze__gal,Emu_Custom,2025-07-20T00:28:32+09:00,2025-07-20T12:19:40+09:00,0.4938425925925926,0,0.0
natsuk4ze__gal,Emu_Community,2025-07-20T12:19:40+09:00,2025-07-20T04:26:04+00:00,0.04611111111111111,0,0.0
natsuk4ze__gal,Emu_Custom,2025-07-20T04:26:04+00:00,2025-07-20T13:27:28+09:00,0.0009722222222222222,0,0.0
natsuk4ze__gal,Emu_Community,2025-07-20T13:27:28+09:00,2025-07-20T04:46:47+00:00,0.013414351851851853,0,0.0
natsuk4ze__gal,Emu_Custom,2025-07-20T04:46:47+00:00,2025-07-20T14:03:47+09:00,0.011805555555555555,0,0.0
natsuk4ze__gal,Emu_Community,2025-07-20T14:03:47+09:00,2025-07-20T07:06:47+00:00,0.08541666666666667,0,0.0
natsuk4ze__gal,Emu_Custom,2025-07-20T07:06:47+00:00,2025-07-20T19:08:29+09:00,0.12618055555555555,0,0.0
natsuk4ze__gal,Emu_Community,2025-07-20T19:08:29+09:00,2025-07-20T19:51:16+09:00,0.02971064814814815,0,0.0
natsuk4ze__gal,Emu_Custom,2025-07-20T19:51:16+09:00,2025-07-20T22:22:04+09:00,0.10472222222222222,0,0.0
natsuk4ze__gal,Emu_Community,2025-07-20T22:22:04+09:00,2025-08-10T23:59:59+00:00,21.442997685185187,0,0.0
nextcloud__android,Emu_Custom,2014-01-21T17:16:57+01:00,2020-11-18T09:57:01+01:00,2492.6944907407405,0,0.0
nextcloud__android,Emu_Community,2020-11-18T09:57:01+01:00,2023-10-17T08:50:19+02:00,1062.9120138888889,1,0.09408116447393308
nextcloud__android,Emu_Custom,2023-10-17T08:50:19+02:00,2023-10-18T03:40:19+02:00,0.7847222222222222,0,0.0
nextcloud__android,Emu_Community,2023-10-18T03:40:19+02:00,2025-08-10T23:59:59+00:00,662.9303240740741,0,0.0
nhirokinet__bluelineconsole,Emu_Community,2021-10-20T03:17:54+09:00,2025-08-10T23:59:59+00:00,1391.2375578703704,0,0.0
NiciDieNase__chaosflix,Emu_Custom,2017-03-25T22:13:39+01:00,2025-08-10T23:59:59+00:00,3060.1155092592594,0,0.0
nightscout__AndroidAPS,Emu_Community,2023-10-14T23:27:56+02:00,2024-01-22T12:06:00+01:00,99.56810185185185,0,0.0
nightscout__AndroidAPS,Emu_Custom,2024-01-22T12:06:00+01:00,2024-03-11T21:13:31+01:00,49.38021990740741,0,0.0
nightscout__AndroidAPS,Emu_Community,2024-03-11T21:13:31+01:00,2024-03-11T21:41:08+01:00,0.019178240740740742,0,0.0
nightscout__AndroidAPS,Emu_Custom,2024-03-11T21:41:08+01:00,2025-08-10T23:59:59+00:00,517.1380902777778,0,0.0
nkuppan__expensemanager,GMD,2022-09-15T21:01:28+05:30,2023-11-16T02:06:15+01:00,426.3991550925926,0,0.0
nkuppan__expensemanager,Emu_Community,2023-11-16T02:06:15+01:00,2023-11-16T21:44:09+01:00,0.8179861111111111,0,0.0
nkuppan__expensemanager,GMD,2023-11-16T02:06:15+01:00,2023-11-16T21:44:09+01:00,0.8179861111111111,0,0.0
nkuppan__expensemanager,GMD,2023-11-16T21:44:09+01:00,2025-08-10T23:59:59+00:00,633.1359953703703,0,0.0
nschnettler__Compose-Scrobbler,Emu_Community,2020-07-26T15:57:08+02:00,2025-08-10T23:59:59+00:00,1841.4186458333334,0,0.0
nukc__LoadMoreWrapper,Emu_Custom,2017-02-10T11:09:02+08:00,2025-08-10T23:59:59+00:00,3103.868715277778,0,0.0
nukc__StateView,Emu_Custom,2017-02-10T09:45:04+08:00,2025-08-10T23:59:59+00:00,3103.927025462963,0,0.0
NUmeroAndDev__MaterialGallery-android,Emu_Community,2022-06-18T17:51:05+09:00,2023-06-16T10:07:45+09:00,362.67824074074076,0,0.0
NUmeroAndDev__MaterialGallery-android,GMD,2023-06-16T10:07:45+09:00,2025-08-10T23:59:59+00:00,786.9529398148148,0,0.0
okanaydin__Android-Compose-Challenge,Emu_Community,2021-02-25T22:32:59+03:00,2025-08-10T23:59:59+00:00,1627.1854166666667,0,0.0
OlauncherCF__OlauncherCF,Emu_Community,2022-12-26T09:37:29+01:00,2025-08-10T23:59:59+00:00,958.640625,0,0.0
OneBusAway__onebusaway-android,Emu_Custom,2014-05-27T13:14:25-04:00,2021-06-16T14:46:52-04:00,2577.0642013888887,0,0.0
OneBusAway__onebusaway-android,Emu_Community,2021-06-16T14:46:52-04:00,2025-08-10T23:59:59+00:00,1516.2174421296297,0,0.0
ooni__probe-android,Emu_Custom,2019-01-08T17:22:48+13:00,2020-09-11T14:25:09+02:00,612.3349652777778,0,0.0
ooni__probe-android,Emu_Community,2020-09-11T14:25:09+02:00,2025-08-10T23:59:59+00:00,1794.4825231481482,0,0.0
opendocument-app__OpenDocument.droid,Emu_Community,2020-12-06T11:57:37+01:00,2025-08-10T23:59:59+00:00,1708.5433101851852,0,0.0
openhab__openhab-android,Emu_Custom,2018-01-05T14:13:59+01:00,2025-05-05T18:16:16+02:00,2677.126585648148,0,0.0
openhab__openhab-android,Emu_Community,2025-05-05T18:16:16+02:00,2025-08-10T23:59:59+00:00,97.32202546296297,0,0.0
openintents__shoppinglist,Emu_Custom,2014-06-16T13:25:16+02:00,2025-08-10T23:59:59+00:00,4073.5241087962963,0,0.0
openthread__ot-commissioner,Emu_Community,2020-12-07T10:14:17-08:00,2025-08-10T23:59:59+00:00,1707.2400694444445,0,0.0
OpenTracksApp__OpenTracks,Emu_Custom,2019-10-28T23:25:07+01:00,2020-02-03T23:27:19+01:00,98.00152777777778,0,0.0
OpenTracksApp__OpenTracks,Emu_Community,2020-02-03T23:27:19+01:00,2025-08-10T23:59:59+00:00,2015.0643518518518,0,0.0
OpnTec__bodyapps-android,Emu_Custom,2014-06-23T01:04:23+05:30,2025-08-10T23:59:59+00:00,4067.1844444444446,0,0.0
orgzly-revived__orgzly-android-revived,Emu_Community,2024-04-11T18:07:29+02:00,2025-08-10T23:59:59+00:00,486.328125,0,0.0
owntracks__android,Emu_Community,2020-05-25T18:44:08+01:00,2024-02-13T12:57:01+00:00,1358.800613425926,0,0.0
owntracks__android,Emu_Community,2024-02-13T12:57:01+00:00,2025-08-10T23:59:59+00:00,544.4603935185186,0,0.0
owntracks__android,GMD,2024-02-13T12:57:01+00:00,2025-08-10T23:59:59+00:00,544.4603935185186,0,0.0
oxygen-updater__oxygen-updater,Emu_Community,2024-02-17T17:18:08+05:30,2025-08-10T23:59:59+00:00,540.5082291666666,0,0.0
pachli__pachli-android,Emu_Community,2025-02-02T21:29:27+01:00,2025-08-10T23:59:59+00:00,189.1462037037037,0,0.0
passsy__spot,Emu_Community,2025-05-06T16:19:27+02:00,2025-08-10T23:59:59+00:00,96.40314814814815,0,0.0
PatilShreyas__NotyKT,Emu_Community,2025-06-14T23:49:45+05:30,2025-08-10T23:59:59+00:00,57.23627314814815,0,0.0
pauloaapereira__AndroidDevChallenge_Week4_JetWeatherfy,Emu_Community,2021-03-17T14:24:10+00:00,2025-08-10T23:59:59+00:00,1607.399872685185,0,0.0
persian-calendar__persian-calendar,Emu_Community,2021-05-11T01:35:24+04:30,2025-08-10T23:59:59+00:00,1553.1212384259259,0,0.0
Piasy__YaMvp,Emu_Custom,2016-09-20T00:09:21+08:00,2025-08-10T23:59:59+00:00,3247.3268287037035,0,0.0
pilgr__Paper,Emu_Custom,2015-07-03T20:56:57+03:00,2025-08-10T23:59:59+00:00,3691.2521064814814,0,0.0
posm__OpenMapKitAndroid,Emu_Custom,2016-08-10T14:46:45+03:00,2025-08-10T23:59:59+00:00,3287.509189814815,0,0.0
prisma__react-native-prisma,Emu_Community,2024-04-30T11:21:03+02:00,2025-08-10T23:59:59+00:00,467.6103703703704,0,0.0
privacybydesign__irmamobile,ThirdParty,2022-08-05T14:42:13+02:00,2025-08-10T23:59:59+00:00,1101.4706712962964,0,0.0
promeG__TinyPinyin,Emu_Custom,2017-02-05T11:13:44+08:00,2025-08-10T23:59:59+00:00,3108.8654513888887,0,0.0
PRosenb__AdbClipboard,Emu_Custom,2018-02-19T15:30:16+11:00,2025-08-10T23:59:59+00:00,2729.8123032407407,0,0.0
PureWriter__ToastCompat,Emu_Custom,2017-12-08T21:37:10+08:00,2025-08-10T23:59:59+00:00,2802.432511574074,0,0.0
rafsanjani__datepickertimeline,Emu_Community,2021-11-22T19:04:39+00:00,2025-08-10T23:59:59+00:00,1357.2050925925926,0,0.0
ragunathjawahar__android-saripaar,Emu_Custom,2015-03-01T21:18:37+05:30,2025-08-10T23:59:59+00:00,3815.341226851852,0,0.0
Rajawali__Rajawali,Emu_Custom,2016-08-27T20:21:29-07:00,2019-01-13T11:54:19-05:00,868.5644675925926,0,0.0
Rajawali__Rajawali,ThirdParty,2019-01-13T11:54:19-05:00,2020-03-03T08:31:46+01:00,414.6093402777778,0,0.0
Rajawali__Rajawali,Emu_Community,2020-03-03T08:31:46+01:00,2021-02-02T14:51:26+00:00,336.30532407407406,0,0.0
Rajawali__Rajawali,ThirdParty,2020-03-03T08:31:46+01:00,2021-02-02T14:51:26+00:00,336.30532407407406,0,0.0
Rajawali__Rajawali,ThirdParty,2021-02-02T14:51:26+00:00,2021-02-02T11:26:08-06:00,0.10743055555555556,1,930.8338720103427
Rajawali__Rajawali,Emu_Community,2021-02-02T11:26:08-06:00,2025-08-10T23:59:59+00:00,1650.2735069444445,0,0.0
Rajawali__Rajawali,ThirdParty,2021-02-02T11:26:08-06:00,2025-08-10T23:59:59+00:00,1650.2735069444445,0,0.0
RBusarow__Tangle,Emu_Community,2021-08-31T18:42:32+00:00,2025-08-10T23:59:59+00:00,1440.220451388889,0,0.0
ReactiveCircus__streamlined,Emu_Community,2020-03-30T22:46:44+11:00,2025-08-10T23:59:59+00:00,1959.5092013888889,0,0.0
readrops__Readrops,Emu_Custom,2020-03-20T22:36:52+01:00,2020-03-22T17:58:09+01:00,1.8064467592592592,0,0.0
readrops__Readrops,Emu_Community,2020-03-22T17:58:09+01:00,2020-03-22T18:21:33+01:00,0.01625,0,0.0
readrops__Readrops,Emu_Custom,2020-03-22T18:21:33+01:00,2020-03-22T18:22:37+01:00,0.0007407407407407407,0,0.0
readrops__Readrops,Emu_Community,2020-03-22T18:22:37+01:00,2025-08-10T23:59:59+00:00,1967.275949074074,0,0.0
realm__realm-kotlin,Emu_Custom,2020-09-23T15:45:37+02:00,2022-08-22T18:11:58+02:00,698.1016319444444,0,0.0
realm__realm-kotlin,Emu_Community,2022-08-22T18:11:58+02:00,2025-08-10T23:59:59+00:00,1084.325011574074,0,0.0
Redgram__redgram-for-reddit,Emu_Custom,2016-04-11T22:28:56-04:00,2025-08-10T23:59:59+00:00,3407.8965625,0,0.0
RedMadRobot__PINkman,Emu_Custom,2020-06-24T19:33:05+03:00,2020-07-08T13:08:47+03:00,13.733125,0,0.0
RedMadRobot__PINkman,Emu_Community,2020-07-08T13:08:47+03:00,2025-08-10T23:59:59+00:00,1859.5772222222222,0,0.0
rejasupotaro__Rebuild,Emu_Custom,2014-02-03T23:16:49+09:00,2025-08-10T23:59:59+00:00,4206.404976851852,0,0.0
renyuneyun__Easer,Emu_Custom,2017-10-27T12:52:44+01:00,2022-05-01T00:14:48+01:00,1646.4736574074075,0,0.0
renyuneyun__Easer,Emu_Community,2022-05-01T00:14:48+01:00,2025-08-10T23:59:59+00:00,1198.0313773148148,0,0.0
requery__requery,Emu_Custom,2016-02-20T21:37:45-08:00,2025-08-10T23:59:59+00:00,3458.7654398148147,0,0.0
riggaroo__adopt-me-compose,Emu_Community,2021-02-27T14:14:40+02:00,2025-08-10T23:59:59+00:00,1625.4898032407407,0,0.0
riggaroo__AndroidDatabaseUpgrades,Emu_Custom,2015-12-29T14:07:45+02:00,2025-08-10T23:59:59+00:00,3512.4946064814817,0,0.0
robolectric__robolectric,Emu_Community,2021-10-16T16:31:41+08:00,2021-10-16T17:32:11+08:00,0.04201388888888889,0,0.0
robolectric__robolectric,Emu_Community,2021-10-16T17:32:11+08:00,2022-06-12T14:43:56+08:00,238.88315972222222,0,0.0
robolectric__robolectric,GMD,2021-10-16T17:32:11+08:00,2022-06-12T14:43:56+08:00,238.88315972222222,0,0.0
robolectric__robolectric,Emu_Community,2022-06-12T14:43:56+08:00,2025-08-10T23:59:59+00:00,1155.7194791666666,0,0.0
RocketChat__Rocket.Chat.ReactNative,Emu_Custom,2021-04-05T17:34:53+05:30,2023-03-07T09:28:51-03:00,701.0166435185185,0,0.0
RocketChat__Rocket.Chat.ReactNative,Emu_Community,2023-03-07T09:28:51-03:00,2025-08-10T23:59:59+00:00,887.4799537037037,1,0.11267860145197854
ronaldsmartin__Material-ViewPagerIndicator,Emu_Custom,2016-10-13T10:05:44-07:00,2025-08-10T23:59:59+00:00,3223.287673611111,0,0.0
RoRoche__AndroidStarter,Emu_Custom,2016-10-11T14:01:25+02:00,2025-08-10T23:59:59+00:00,3225.49900462963,0,0.0
rosuH__EasyWatermark,GMD,2022-12-18T12:04:37+08:00,2025-08-10T23:59:59+00:00,966.8301157407408,0,0.0
rozPierog__Cofi,Emu_Community,2021-01-14T21:34:55+01:00,2025-08-10T23:59:59+00:00,1669.1424074074075,0,0.0
rtoshiro__FullscreenVideoView,Emu_Custom,2016-02-02T10:22:13-02:00,2025-08-10T23:59:59+00:00,3477.4845601851853,0,0.0
ruffle-rs__ruffle-android,GMD,2024-03-26T18:34:10+01:00,2024-03-26T18:34:10+01:00,0.0,0,0.0
ruffle-rs__ruffle-android,Emu_Community,2024-03-26T18:34:10+01:00,2025-08-10T23:59:59+00:00,502.26792824074073,0,0.0
sakusaku3939__DeepLAndroid,Emu_Community,2025-07-13T19:47:35+09:00,2025-08-10T23:59:59+00:00,28.55027777777778,0,0.0
salvadordeveloper__flutter-crypto-app,Emu_Community,2021-05-27T15:59:34-06:00,2025-08-10T23:59:59+00:00,1536.0836226851852,0,0.0
Samsung__escargot,Emu_Community,2023-01-27T16:45:25+09:00,2025-08-10T23:59:59+00:00,926.6767824074074,0,0.0
sangcomz__FishBun,Emu_Custom,2016-10-23T11:41:39+09:00,2020-12-06T23:26:12+09:00,1505.4892708333334,0,0.0
sangcomz__FishBun,Emu_Community,2020-12-06T23:26:12+09:00,2025-08-10T23:59:59+00:00,1708.398460648148,0,0.0
scribe-org__Scribe-Android,Emu_Community,2025-06-15T00:40:05+02:00,2025-08-10T23:59:59+00:00,57.05548611111111,0,0.0
SecUSo__privacy-friendly-notes,Emu_Community,2024-09-05T15:27:43+02:00,2025-08-10T23:59:59+00:00,339.4390740740741,0,0.0
SecUSo__privacy-friendly-pedometer,Emu_Community,2024-02-03T10:29:29+01:00,2025-08-10T23:59:59+00:00,554.6045138888888,0,0.0
SecUSo__privacy-friendly-todo-list,Emu_Community,2024-02-16T18:30:02+01:00,2025-08-10T23:59:59+00:00,541.2707986111111,0,0.0
seedvault-app__seedvault,Emu_Custom,2023-09-14T17:33:30+00:00,2023-10-09T00:01:26+05:30,24.04023148148148,0,0.0
seedvault-app__seedvault,Emu_Community,2023-10-09T00:01:26+05:30,2023-10-17T21:24:38-04:00,9.286944444444444,0,0.0
seedvault-app__seedvault,Emu_Custom,2023-10-17T21:24:38-04:00,2025-08-10T23:59:59+00:00,662.9412152777778,0,0.0
segler-alex__RadioDroid,Emu_Custom,2016-06-26T13:10:36+02:00,2020-06-28T12:14:56+02:00,1462.9613425925927,0,0.0
segler-alex__RadioDroid,Emu_Community,2020-06-28T12:14:56+02:00,2025-08-10T23:59:59+00:00,1869.572951388889,0,0.0
sellmair__kompass,Emu_Custom,2018-08-11T01:09:11+02:00,2025-08-10T23:59:59+00:00,2557.035277777778,0,0.0
servo__surfman,Emu_Community,2025-02-03T18:08:14+00:00,2025-08-10T23:59:59+00:00,188.24427083333333,0,0.0
SharezoneApp__sharezone-app,Emu_Community,2023-02-24T10:24:27+00:00,2023-07-01T15:11:11+00:00,127.19912037037037,0,0.0
SharezoneApp__sharezone-app,Emu_Custom,2023-07-01T15:11:11+00:00,2023-08-18T08:37:49+00:00,47.7268287037037,0,0.0
SharezoneApp__sharezone-app,ThirdParty,2023-08-18T08:37:49+00:00,2025-08-10T23:59:59+00:00,723.6403935185185,0,0.0
simonnorberg__dmach,Emu_Custom,2014-12-18T20:43:14+01:00,2024-03-28T13:53:25+01:00,3387.7154050925924,0,0.0
simonnorberg__dmach,Emu_Community,2024-03-28T13:53:25+01:00,2025-08-10T23:59:59+00:00,500.4628935185185,0,0.0
simpledotorg__simple-android,Emu_Community,2020-04-30T03:47:58+00:00,2025-08-10T23:59:59+00:00,1928.8416782407407,0,0.0
sky-map-team__stardroid,Emu_Custom,2016-04-11T17:47:14-04:00,2021-09-26T14:55:20-04:00,1993.880625,0,0.0
sky-map-team__stardroid,Emu_Community,2021-09-26T14:55:20-04:00,2025-08-10T23:59:59+00:00,1414.2115625,0,0.0
slackhq__circuit,Emu_Community,2022-09-06T20:00:26-04:00,2023-12-21T04:22:32+00:00,470.1820138888889,0,0.0
slackhq__circuit,Emu_Community,2023-12-21T04:22:32+00:00,2025-08-10T23:59:59+00:00,598.8176736111111,0,0.0
slackhq__circuit,ThirdParty,2023-12-21T04:22:32+00:00,2025-08-10T23:59:59+00:00,598.8176736111111,0,0.0
smartdevicelink__sdl_java_suite,Emu_Custom,2017-03-28T16:25:53-04:00,2020-01-14T14:42:44-05:00,1021.9700347222222,0,0.0
smartdevicelink__sdl_java_suite,Emu_Community,2020-01-14T14:42:44-05:00,2025-08-10T23:59:59+00:00,2035.1786458333333,0,0.0
softartdev__NoteDelight,Emu_Community,2020-06-28T07:56:43+05:00,2025-08-10T23:59:59+00:00,1869.8772685185186,0,0.0
software-mansion__react-native-screens,Emu_Community,2021-09-21T07:15:56+02:00,2025-08-10T23:59:59+00:00,1419.7805902777777,0,0.0
sopt-makers__sopt-android,GMD,2025-07-12T00:31:54+09:00,2025-08-10T23:59:59+00:00,30.352835648148147,0,0.0
spacecowboy__Feeder,GMD,2022-09-18T10:17:21+02:00,2022-12-17T14:13:49+01:00,90.20587962962964,0,0.0
spacecowboy__Feeder,Emu_Community,2022-12-17T14:13:49+01:00,2023-03-08T09:13:01+01:00,80.7911111111111,0,0.0
spacecowboy__Feeder,GMD,2022-12-17T14:13:49+01:00,2023-03-08T09:13:01+01:00,80.7911111111111,0,0.0
spacecowboy__Feeder,GMD,2023-03-08T09:13:01+01:00,2023-12-22T01:14:27+01:00,288.667662037037,0,0.0
spacecowboy__Feeder,Emu_Community,2023-12-22T01:14:27+01:00,2023-12-22T02:13:15+01:00,0.04083333333333333,0,0.0
spacecowboy__Feeder,GMD,2023-12-22T01:14:27+01:00,2023-12-22T02:13:15+01:00,0.04083333333333333,0,0.0
spacecowboy__Feeder,GMD,2023-12-22T02:13:15+01:00,2023-12-22T10:18:36+01:00,0.3370486111111111,0,0.0
spacecowboy__Feeder,Emu_Community,2023-12-22T10:18:36+01:00,2024-01-04T22:50:33+01:00,13.5221875,0,0.0
spacecowboy__Feeder,GMD,2023-12-22T10:18:36+01:00,2024-01-04T22:50:33+01:00,13.5221875,0,0.0
spacecowboy__Feeder,GMD,2024-01-04T22:50:33+01:00,2025-01-25T12:06:09+01:00,386.5525,0,0.0
spacecowboy__Feeder,Emu_Community,2025-01-25T12:06:09+01:00,2025-08-10T23:59:59+00:00,197.53738425925926,0,0.0
spacecowboy__Feeder,GMD,2025-01-25T12:06:09+01:00,2025-08-10T23:59:59+00:00,197.53738425925926,0,0.0
spacecowboy__NotePad,Emu_Custom,2014-01-18T15:45:28+01:00,2022-11-03T08:49:41+01:00,3210.711261574074,0,0.0
spacecowboy__NotePad,Emu_Community,2022-11-03T08:49:41+01:00,2025-08-10T23:59:59+00:00,1011.6738194444445,0,0.0
Spikeysanju__Wiggles,Emu_Community,2021-02-27T13:27:51+05:30,2025-08-10T23:59:59+00:00,1625.6681481481482,0,0.0
splitwise__TokenAutoComplete,Emu_Custom,2017-10-25T11:57:27-04:00,2020-08-02T19:56:43-04:00,1012.3328240740741,0,0.0
splitwise__TokenAutoComplete,Emu_Custom,2020-08-02T19:56:43-04:00,2025-08-10T23:59:59+00:00,1834.0022685185186,0,0.0
splitwise__TokenAutoComplete,ThirdParty,2020-08-02T19:56:43-04:00,2025-08-10T23:59:59+00:00,1834.0022685185186,0,0.0
sqldelight__sqldelight,Emu_Custom,2016-09-19T13:41:33-04:00,2020-01-14T11:03:52-05:00,1211.932164351852,0,0.0
sqldelight__sqldelight,Emu_Community,2020-01-14T11:03:52-05:00,2020-01-17T17:50:10-05:00,3.2821527777777777,0,0.0
sqldelight__sqldelight,Emu_Custom,2020-01-17T17:50:10-05:00,2020-01-17T20:37:42-05:00,0.1163425925925926,0,0.0
sqldelight__sqldelight,Emu_Community,2020-01-17T20:37:42-05:00,2025-08-10T23:59:59+00:00,2031.9321412037036,0,0.0
square__curtains,Emu_Community,2021-02-01T13:29:07-08:00,2025-08-10T23:59:59+00:00,1651.1047685185185,0,0.0
square__cycler,Emu_Community,2020-08-19T15:20:39-07:00,2025-08-10T23:59:59+00:00,1817.0689814814814,0,0.0
square__leakcanary,Emu_Community,2020-12-09T10:31:35+01:00,2025-08-10T23:59:59+00:00,1705.6030555555556,0,0.0
square__okhttp,Emu_Community,2021-04-25T15:54:19+01:00,2025-08-10T23:59:59+00:00,1568.3789351851851,0,0.0
square__papa,Emu_Community,2021-09-17T15:18:06-07:00,2025-08-10T23:59:59+00:00,1423.0707523148149,0,0.0
square__wire,Emu_Community,2024-03-28T09:37:27-04:00,2025-08-10T23:59:59+00:00,500.4323148148148,0,0.0
StefanIlchev__ElementumService,Emu_Community,2024-09-22T17:20:03+03:00,2025-08-10T23:59:59+00:00,322.40273148148145,0,0.0
streetwriters__notesnook,Emu_Custom,2021-08-07T11:26:21+05:00,2024-11-11T19:25:56+05:00,1192.3330439814815,0,0.0
streetwriters__notesnook,Emu_Community,2024-11-11T19:25:56+05:00,2025-08-10T23:59:59+00:00,272.3986458333333,0,0.0
Stuart-campbell__RushOrm,Emu_Custom,2016-06-28T19:35:41+01:00,2025-08-10T23:59:59+00:00,3330.2252083333333,0,0.0
SwissCovid__swisscovid-app-android,Emu_Community,2020-06-14T19:16:44+02:00,2025-08-10T23:59:59+00:00,1883.2800347222221,0,0.0
synonymdev__bitkit,Emu_Community,2024-06-17T18:34:08+01:00,2025-08-10T23:59:59+00:00,419.2679513888889,0,0.0
syrjs__core,Emu_Custom,2017-12-29T16:05:30-08:00,2025-08-10T23:59:59+00:00,2780.9961689814813,0,0.0
t895__DNSNet,Emu_Community,2025-03-18T16:34:26-04:00,2025-08-10T23:59:59+00:00,145.14274305555554,0,0.0
takahirom__PreLollipopTransition,Emu_Custom,2015-10-03T23:45:54+09:00,2025-08-10T23:59:59+00:00,3599.384780092593,0,0.0
talenguyen__PrettyBundle,Emu_Custom,2015-02-25T10:36:10+07:00,2025-08-10T23:59:59+00:00,3819.8498726851853,0,0.0
tasks__tasks,Emu_Custom,2013-10-16T18:48:56-05:00,2021-01-20T15:49:04-06:00,2652.9167592592594,0,0.0
tasks__tasks,Emu_Community,2021-01-20T15:49:04-06:00,2024-03-13T23:52:33-05:00,1148.2940856481482,0,0.0
tasks__tasks,GMD,2024-03-13T23:52:33-05:00,2024-03-16T11:35:44-05:00,2.4883217592592595,0,0.0
tasks__tasks,Emu_Community,2024-03-16T11:35:44-05:00,2024-04-21T01:18:26-05:00,35.57131944444444,0,0.0
tasks__tasks,GMD,2024-03-16T11:35:44-05:00,2024-04-21T01:18:26-05:00,35.57131944444444,0,0.0
tasks__tasks,Emu_Community,2024-04-21T01:18:26-05:00,2024-04-21T01:21:20-05:00,0.002013888888888889,0,0.0
tasks__tasks,Emu_Community,2024-04-21T01:21:20-05:00,2025-08-10T23:59:59+00:00,476.7351736111111,0,0.0
tasks__tasks,GMD,2024-04-21T01:21:20-05:00,2025-08-10T23:59:59+00:00,476.7351736111111,0,0.0
TeamAmaze__AmazeFileManager,Emu_Community,2022-01-30T16:09:48-03:00,2025-08-10T23:59:59+00:00,1288.2015162037037,0,0.0
TeamNewPipe__NewPipe,Emu_Custom,2015-12-01T21:31:10+01:00,2021-03-29T10:18:12+02:00,1944.4909953703705,0,0.0
TeamNewPipe__NewPipe,Emu_Community,2021-03-29T10:18:12+02:00,2025-08-10T23:59:59+00:00,1595.6540162037038,0,0.0
TechbeeAT__jtxBoard,Emu_Custom,2021-06-07T21:13:16+00:00,2023-01-10T23:08:32+01:00,582.0383796296296,0,0.0
TechbeeAT__jtxBoard,Emu_Custom,2023-01-10T23:08:32+01:00,2023-06-13T10:43:48+02:00,153.44115740740742,0,0.0
TechbeeAT__jtxBoard,GMD,2023-01-10T23:08:32+01:00,2023-06-13T10:43:48+02:00,153.44115740740742,0,0.0
TechbeeAT__jtxBoard,Emu_Community,2023-06-13T10:43:48+02:00,2023-12-09T12:47:29+01:00,179.12755787037037,0,0.0
TechbeeAT__jtxBoard,GMD,2023-06-13T10:43:48+02:00,2023-12-09T12:47:29+01:00,179.12755787037037,0,0.0
TechbeeAT__jtxBoard,Emu_Custom,2023-12-09T12:47:29+01:00,2023-12-11T22:54:53+01:00,2.4218055555555558,0,0.0
TechbeeAT__jtxBoard,GMD,2023-12-09T12:47:29+01:00,2023-12-11T22:54:53+01:00,2.4218055555555558,0,0.0
TechbeeAT__jtxBoard,Emu_Community,2023-12-11T22:54:53+01:00,2024-05-31T22:37:40+02:00,171.9463773148148,0,0.0
TechbeeAT__jtxBoard,GMD,2023-12-11T22:54:53+01:00,2024-05-31T22:37:40+02:00,171.9463773148148,0,0.0
TechbeeAT__jtxBoard,Emu_Community,2024-05-31T22:37:40+02:00,2024-06-02T08:50:45+02:00,1.4257523148148148,0,0.0
TechbeeAT__jtxBoard,Emu_Community,2024-06-02T08:50:45+02:00,2024-06-05T22:02:19+02:00,3.549699074074074,0,0.0
TechbeeAT__jtxBoard,GMD,2024-06-02T08:50:45+02:00,2024-06-05T22:02:19+02:00,3.549699074074074,0,0.0
TechbeeAT__jtxBoard,Emu_Community,2024-06-05T22:02:19+02:00,2025-08-10T23:59:59+00:00,431.1650462962963,0,0.0
tfcporciuncula__flow-preferences,Emu_Community,2020-01-04T16:24:11+01:00,2025-08-10T23:59:59+00:00,2045.3581944444445,0,0.0
tfcporciuncula__phonemoji,Emu_Community,2020-08-14T16:29:32+02:00,2025-08-10T23:59:59+00:00,1822.3961458333333,0,0.0
TharunBalaji2004__android-ci-cd,Emu_Community,2023-06-27T14:34:59+05:30,2025-08-10T23:59:59+00:00,775.6215277777778,0,0.0
thevindu-w__clip_share_client,Emu_Community,2024-03-02T21:54:51+05:30,2025-08-10T23:59:59+00:00,526.3160648148148,0,0.0
thiagokimo__Faker,Emu_Custom,2015-08-26T01:30:16+01:00,2025-08-10T23:59:59+00:00,3637.978969907407,0,0.0
ThibaultBee__srtdroid,Emu_Community,2022-06-19T16:06:05+02:00,2025-08-10T23:59:59+00:00,1148.4124305555556,0,0.0
thunderbiscuit__padawan-wallet,Emu_Community,2022-04-08T09:28:30-04:00,2025-08-10T23:59:59+00:00,1220.4385300925926,0,0.0
thyrlian__AwesomeValidation,Emu_Custom,2015-03-04T22:03:56+01:00,2020-08-31T21:44:13+02:00,2006.9446412037037,0,0.0
thyrlian__AwesomeValidation,Emu_Community,2020-08-31T21:44:13+02:00,2025-08-10T23:59:59+00:00,1805.1776157407407,0,0.0
Tommy-Geenexus__exif-eraser,Emu_Community,2021-01-04T10:57:56+01:00,2025-08-10T23:59:59+00:00,1679.5847569444445,0,0.0
TomRoush__PdfBox-Android,Emu_Custom,2017-04-20T18:48:44-05:00,2021-07-05T12:55:16-05:00,1536.754537037037,0,0.0
TomRoush__PdfBox-Android,Emu_Community,2021-07-05T12:55:16-05:00,2025-08-10T23:59:59+00:00,1497.253275462963,0,0.0
tonilopezmr__Game-of-Thrones,Emu_Custom,2016-05-14T18:57:58+02:00,2025-08-10T23:59:59+00:00,3375.2930671296294,0,0.0
tripadvisor__android-clockseekbar,Emu_Custom,2014-08-04T16:21:23-04:00,2025-08-10T23:59:59+00:00,4024.1518055555557,0,0.0
trynoice__android-app,Emu_Custom,2020-03-07T00:48:01+05:30,2020-05-29T23:51:23+05:30,83.9606712962963,0,0.0
trynoice__android-app,Emu_Community,2020-05-29T23:51:23+05:30,2025-08-10T23:59:59+00:00,1899.235138888889,0,0.0
TUBB__CalendarSelector,Emu_Custom,2016-07-21T15:06:54+08:00,2025-08-10T23:59:59+00:00,3307.7035300925927,0,0.0
TwidereProject__TwidereX-Android,Emu_Community,2021-05-14T18:05:59+08:00,2025-08-10T23:59:59+00:00,1549.5791666666667,0,0.0
twilio__twilio-voice-react-native,Emu_Community,2024-02-07T12:46:19-08:00,2025-08-10T23:59:59+00:00,550.1344907407407,0,0.0
twireapp__Twire,Emu_Community,2022-02-24T17:21:30-05:00,2025-08-10T23:59:59+00:00,1263.0683912037036,0,0.0
uber__simple-store,Emu_Community,2020-06-10T14:55:17-07:00,2025-08-10T23:59:59+00:00,1887.0865972222223,0,0.0
UriahShaulMandel__BaldPhone,Emu_Custom,2019-06-23T17:59:03+03:00,2020-01-04T13:30:15+02:00,194.855,0,0.0
UriahShaulMandel__BaldPhone,Emu_Community,2020-01-04T13:30:15+02:00,2020-01-04T13:35:15+02:00,0.003472222222222222,0,0.0
UriahShaulMandel__BaldPhone,Emu_Custom,2020-01-04T13:35:15+02:00,2021-06-14T14:26:52+03:00,526.9941782407408,0,0.0
UriahShaulMandel__BaldPhone,Emu_Community,2021-06-14T14:26:52+03:00,2021-06-14T15:12:03+03:00,0.031377314814814816,0,0.0
UriahShaulMandel__BaldPhone,Emu_Custom,2021-06-14T15:12:03+03:00,2021-06-14T15:47:22+03:00,0.024525462962962964,0,0.0
UriahShaulMandel__BaldPhone,Emu_Community,2021-06-14T15:47:22+03:00,2021-06-14T18:22:22+03:00,0.1076388888888889,0,0.0
UriahShaulMandel__BaldPhone,Emu_Custom,2021-06-14T18:22:22+03:00,2025-08-10T23:59:59+00:00,1518.3594560185186,0,0.0
v2er-app__Android,Emu_Community,2025-07-09T01:19:53+08:00,2025-08-10T23:59:59+00:00,33.27784722222222,0,0.0
ValentinFunk__BrainPhaser,Emu_Custom,2016-06-29T11:51:39+02:00,2025-08-10T23:59:59+00:00,3329.5891203703704,0,0.0
ValterKasper__space-app,GMD,2022-05-29T15:49:54+02:00,2025-08-10T23:59:59+00:00,1169.4236689814816,0,0.0
vgaidarji__ci-matters,Emu_Custom,2016-11-19T12:48:53+02:00,2020-05-09T14:19:34+03:00,1267.0213078703703,0,0.0
vgaidarji__ci-matters,Emu_Community,2020-05-09T14:19:34+03:00,2025-08-10T23:59:59+00:00,1919.5280671296296,0,0.0
VictorAlbertos__BreadcrumbsView,Emu_Custom,2016-10-07T15:02:19+02:00,2025-08-10T23:59:59+00:00,3229.456712962963,0,0.0
VictorAlbertos__SwipeCoordinator,Emu_Custom,2016-10-22T14:16:55+02:00,2025-08-10T23:59:59+00:00,3214.488240740741,0,0.0
vitaviva__compose-weather,Emu_Community,2021-03-18T19:43:57+08:00,2025-08-10T23:59:59+00:00,1606.5111342592593,0,0.0
vitaviva__CountdownTimer,Emu_Community,2021-03-05T11:02:14+08:00,2025-08-10T23:59:59+00:00,1619.8734375,0,0.0
vmiklos__plees-tracker,Emu_Custom,2019-12-28T09:17:01+01:00,2020-11-20T19:50:55+01:00,328.4402083333333,0,0.0
vmiklos__plees-tracker,Emu_Community,2020-11-20T19:50:55+01:00,2025-08-10T23:59:59+00:00,1724.2146296296296,0,0.0
voghDev__PdfViewPager,Emu_Custom,2016-10-25T19:07:46+02:00,2025-08-10T23:59:59+00:00,3211.286261574074,0,0.0
VREMSoftwareDevelopment__WiFiAnalyzer,ThirdParty,2025-03-31T22:19:20-04:00,2025-04-01T07:17:46-04:00,0.373912037037037,0,0.0
VREMSoftwareDevelopment__WiFiAnalyzer,Emu_Community,2025-04-01T07:17:46-04:00,2025-04-01T08:11:15-04:00,0.037141203703703704,0,0.0
VREMSoftwareDevelopment__WiFiAnalyzer,ThirdParty,2025-04-01T07:17:46-04:00,2025-04-01T08:11:15-04:00,0.037141203703703704,0,0.0
VREMSoftwareDevelopment__WiFiAnalyzer,ThirdParty,2025-04-01T08:11:15-04:00,2025-08-10T23:59:59+00:00,131.49217592592592,0,0.0
wajahatkarim3__Imagine,Emu_Community,2021-03-15T01:29:25+05:00,2025-08-10T23:59:59+00:00,1610.146226851852,0,0.0
WangJie0822__Cashbook,Emu_Community,2023-11-08T11:14:07+08:00,2023-12-22T10:34:40+08:00,43.97260416666666,0,0.0
WangJie0822__Cashbook,Emu_Community,2023-12-22T10:34:40+08:00,2023-12-22T17:31:05+08:00,0.2891782407407407,0,0.0
WangJie0822__Cashbook,GMD,2023-12-22T10:34:40+08:00,2023-12-22T17:31:05+08:00,0.2891782407407407,0,0.0
WangJie0822__Cashbook,Emu_Community,2023-12-22T17:31:05+08:00,2025-08-10T23:59:59+00:00,597.6034027777778,0,0.0
wikimedia__apps-android-wikipedia,Emu_Community,2021-03-17T13:16:35-04:00,2025-08-10T23:59:59+00:00,1607.2801388888888,0,0.0
willowtreeapps__vocable-android,Emu_Custom,2020-04-20T15:20:52-04:00,2022-05-05T13:46:36-04:00,744.934537037037,0,0.0
willowtreeapps__vocable-android,Emu_Community,2022-05-05T13:46:36-04:00,2023-08-23T18:29:54-04:00,475.19673611111114,0,0.0
willowtreeapps__vocable-android,Emu_Custom,2023-08-23T18:29:54-04:00,2023-08-30T16:21:00-04:00,6.910486111111111,0,0.0
willowtreeapps__vocable-android,Emu_Community,2023-08-30T16:21:00-04:00,2024-01-10T12:13:38-05:00,132.86988425925927,0,0.0
willowtreeapps__vocable-android,Emu_Custom,2024-01-10T12:13:38-05:00,2024-04-03T11:57:59-04:00,83.94746527777778,0,0.0
willowtreeapps__vocable-android,ThirdParty,2024-04-03T11:57:59-04:00,2025-08-10T23:59:59+00:00,494.33472222222224,0,0.0
woxingxiao__FillBlankView,Emu_Custom,2016-01-22T10:27:13+08:00,2025-08-10T23:59:59+00:00,3488.8977546296296,0,0.0
xebia-functional__appsly-android-rest,Emu_Custom,2013-12-28T23:45:09+01:00,2025-08-10T23:59:59+00:00,4243.0519675925925,0,0.0
XRPL-Labs__Xaman-App,Emu_Community,2024-04-08T16:53:58+02:00,2025-08-10T23:59:59+00:00,489.3791782407407,0,0.0
XuDaojie__MultiStateView,Emu_Custom,2016-11-04T11:08:59+08:00,2025-08-10T23:59:59+00:00,3201.86875,0,0.0
xurxodev__Movies-Kotlin-Kata,Emu_Custom,2017-05-28T13:43:58+02:00,2025-08-10T23:59:59+00:00,2996.511122685185,0,0.0
y-polek__TransmissionRemote,Emu_Community,2023-01-01T22:57:50+02:00,2023-03-05T10:05:27+02:00,62.463622685185186,0,0.0
y-polek__TransmissionRemote,ThirdParty,2023-03-05T10:05:27+02:00,2025-08-10T23:59:59+00:00,889.6628703703703,0,0.0
yeungeek__monkey-android,Emu_Custom,2016-04-20T12:12:42+08:00,2025-08-10T23:59:59+00:00,3399.8245023148147,0,0.0
yogeshpaliyal__KeyPass,Emu_Community,2025-03-31T17:16:20+05:30,2025-08-10T23:59:59+00:00,132.50947916666667,0,0.0
yuriykulikov__AlarmClock,Emu_Custom,2017-06-26T00:13:06+02:00,2021-04-11T23:41:01+02:00,1385.9777199074074,0,0.0
yuriykulikov__AlarmClock,Emu_Community,2021-04-11T23:41:01+02:00,2025-08-10T23:59:59+00:00,1582.0965046296296,0,0.0
zeref278__flutter_boilerplate,Emu_Community,2023-05-25T03:17:29+07:00,2025-08-10T23:59:59+00:00,809.1545138888889,0,0.0
zimly__zimly-backup,Emu_Community,2024-05-18T20:07:09+02:00,2025-08-10T23:59:59+00:00,449.24502314814816,0,0.0
zkmopro__mopro,Emu_Community,2025-03-06T01:35:09+08:00,2025-08-10T23:59:59+00:00,158.26724537037038,0,0.0
zoff99__ToxAndroidRefImpl,Emu_Custom,2017-04-29T13:57:39+02:00,2020-12-20T17:43:54+01:00,1331.1987847222222,0,0.0
zoff99__ToxAndroidRefImpl,Emu_Community,2020-12-20T17:43:54+01:00,2025-08-10T23:59:59+00:00,1694.3028356481482,0,0.0
zsoltk__GameOfLife,Emu_Custom,2015-03-16T23:00:04+01:00,2025-08-10T23:59:59+00:00,3800.083275462963,0,0.0
